Date,BRL =
2013-01-02,2.0454
2013-01-03,2.0457
2013-01-04,2.0325
2013-01-07,2.0278
2013-01-08,2.0408
2013-01-09,2.0406
2013-01-10,2.0288
2013-01-11,2.0338
2013-01-14,2.0315
2013-01-15,2.0357
2013-01-16,2.0423
2013-01-17,2.0397
2013-01-18,2.0414
2013-01-21,2.0414
2013-01-22,2.0428
2013-01-23,2.0354
2013-01-24,2.0301
2013-01-25,2.031
2013-01-28,1.9955
2013-01-29,1.9857
2013-01-30,1.9893
2013-01-31,1.9916
2013-02-01,1.988
2013-02-04,1.9955
2013-02-05,1.984
2013-02-06,1.9913
2013-02-07,1.9667
2013-02-08,1.9718
2013-02-13,1.9646
2013-02-14,1.9573
2013-02-15,1.9693
2013-02-18,1.9633
2013-02-19,1.9554
2013-02-20,1.9621
2013-02-21,1.9728
2013-02-22,1.9726
2013-02-25,1.9835
2013-02-26,1.9822
2013-02-27,1.9729
2013-02-28,1.9775
2013-03-01,1.98
2013-03-04,1.9698
2013-03-05,1.964
2013-03-06,1.9703
2013-03-07,1.9584
2013-03-08,1.9439
2013-03-11,1.9564
2013-03-12,1.9646
2013-03-13,1.9718
2013-03-14,1.9717
2013-03-15,1.9828
2013-03-18,1.9829
2013-03-19,1.9849
2013-03-20,1.9898
2013-03-21,2.0078
2013-03-22,2.0079
2013-03-25,2.0131
2013-03-26,2.0169
2013-03-27,2.0109
2013-03-28,2.0219
2013-04-01,2.0211
2013-04-02,2.019
2013-04-03,2.0248
2013-04-04,2.0155
2013-04-05,1.9854
2013-04-08,1.9916
2013-04-09,1.9813
2013-04-10,1.9736
2013-04-11,1.9748
2013-04-12,1.9686
2013-04-15,2.0021
2013-04-16,1.9884
2013-04-17,2.0006
2013-04-18,2.019
2013-04-19,2.0111
2013-04-22,2.021
2013-04-23,2.0238
2013-04-24,2.0105
2013-04-25,2.0015
2013-04-26,1.9987
2013-04-29,2.0075
2013-04-30,2.0014
2013-05-02,2.0088
2013-05-03,2.0098
2013-05-06,2.0093
2013-05-07,2.0077
2013-05-08,2.0055
2013-05-09,2.014
2013-05-10,2.0204
2013-05-13,2.0077
2013-05-14,2.0208
2013-05-15,2.0222
2013-05-16,2.0268
2013-05-17,2.0351
2013-05-20,2.0399
2013-05-21,2.0395
2013-05-22,2.0495
2013-05-23,2.0437
2013-05-24,2.0517
2013-05-27,2.0571
2013-05-28,2.0749
2013-05-29,2.1105
2013-05-31,2.1386
2013-06-03,2.1244
2013-06-04,2.1251
2013-06-05,2.1295
2013-06-06,2.1298
2013-06-07,2.132
2013-06-10,2.1471
2013-06-11,2.1326
2013-06-12,2.1558
2013-06-13,2.1206
2013-06-14,2.1529
2013-06-17,2.1712
2013-06-18,2.1821
2013-06-19,2.2255
2013-06-20,2.2575
2013-06-21,2.2422
2013-06-24,2.227
2013-06-25,2.2137
2013-06-26,2.1867
2013-06-27,2.1989
2013-06-28,2.2322
2013-07-01,2.2294
2013-07-02,2.2548
2013-07-03,2.2692
2013-07-04,2.2491
2013-07-05,2.2537
2013-07-08,2.2638
2013-07-09,2.2601
2013-07-10,2.2645
2013-07-11,2.2548
2013-07-12,2.2674
2013-07-15,2.2201
2013-07-16,2.2537
2013-07-17,2.2259
2013-07-18,2.2275
2013-07-19,2.2469
2013-07-22,2.2327
2013-07-23,2.2137
2013-07-24,2.251
2013-07-25,2.2426
2013-07-26,2.2571
2013-07-29,2.27
2013-07-30,2.2832
2013-07-31,2.2765
2013-08-01,2.3044
2013-08-02,2.2874
2013-08-05,2.3061
2013-08-06,2.2992
2013-08-07,2.3139
2013-08-08,2.2846
2013-08-09,2.2716
2013-08-12,2.2878
2013-08-13,2.3147
2013-08-14,2.3247
2013-08-15,2.3406
2013-08-16,2.3924
2013-08-19,2.4127
2013-08-20,2.3934
2013-08-21,2.4549
2013-08-22,2.4361
2013-08-23,2.3488
2013-08-26,2.3788
2013-08-27,2.3721
2013-08-28,2.3459
2013-08-29,2.3593
2013-08-30,2.3855
2013-09-02,2.3773
2013-09-03,2.3589
2013-09-04,2.3599
2013-09-05,2.3246
2013-09-06,2.3065
2013-09-09,2.276
2013-09-10,2.2831
2013-09-11,2.2768
2013-09-12,2.2744
2013-09-13,2.2801
2013-09-16,2.2844
2013-09-17,2.2562
2013-09-18,2.1858
2013-09-19,2.2018
2013-09-20,2.2104
2013-09-23,2.1983
2013-09-24,2.2011
2013-09-25,2.2324
2013-09-26,2.2455
2013-09-27,2.2517
2013-09-30,2.2169
2013-10-01,2.2158
2013-10-02,2.1915
2013-10-03,2.2076
2013-10-04,2.2119
2013-10-07,2.2047
2013-10-08,2.2112
2013-10-09,2.2067
2013-10-10,2.1803
2013-10-11,2.1756
2013-10-14,2.182
2013-10-15,2.178
2013-10-16,2.1803
2013-10-17,2.1527
2013-10-18,2.1691
2013-10-21,2.1751
2013-10-22,2.1724
2013-10-23,2.1906
2013-10-24,2.2035
2013-10-25,2.1878
2013-10-28,2.1787
2013-10-29,2.185
2013-10-30,2.1902
2013-10-31,2.2399
2013-11-01,2.2532
2013-11-04,2.2463
2013-11-05,2.2891
2013-11-06,2.2885
2013-11-07,2.3062
2013-11-08,2.3127
2013-11-11,2.3313
2013-11-12,2.3324
2013-11-13,2.3347
2013-11-14,2.3144
2013-11-18,2.2641
2013-11-19,2.271
2013-11-20,2.267
2013-11-21,2.305
2013-11-22,2.2793
2013-11-25,2.2839
2013-11-26,2.2946
2013-11-27,2.3305
2013-11-28,2.3175
2013-11-29,2.3361
2013-12-02,2.3533
2013-12-03,2.3687
2013-12-04,2.3901
2013-12-05,2.3567
2013-12-06,2.3317
2013-12-09,2.3179
2013-12-10,2.3066
2013-12-11,2.342
2013-12-12,2.3344
2013-12-13,2.3299
2013-12-16,2.3287
2013-12-17,2.319
2013-12-18,2.3312
2013-12-19,2.3571
2013-12-20,2.3877
2013-12-23,2.3572
2013-12-24,2.3598
2013-12-26,2.3536
2013-12-27,2.3383
2013-12-30,2.3592
2014-01-02,2.3877
2014-01-03,2.3764
2014-01-06,2.3798
2014-01-07,2.3725
2014-01-08,2.3967
2014-01-09,2.3905
2014-01-10,2.3585
2014-01-13,2.3573
2014-01-14,2.3502
2014-01-15,2.3597
2014-01-16,2.3614
2014-01-17,2.3426
2014-01-20,2.3437
2014-01-21,2.3603
2014-01-22,2.3731
2014-01-23,2.3997
2014-01-24,2.3976
2014-01-27,2.4228
2014-01-28,2.4215
2014-01-29,2.4374
2014-01-30,2.4088
2014-01-31,2.4128
2014-02-03,2.4402
2014-02-04,2.4054
2014-02-05,2.4023
2014-02-06,2.3818
2014-02-07,2.3793
2014-02-10,2.4101
2014-02-11,2.4005
2014-02-12,2.426
2014-02-13,2.3937
2014-02-14,2.3889
2014-02-17,2.3901
2014-02-18,2.3959
2014-02-19,2.3938
2014-02-20,2.37
2014-02-21,2.3457
2014-02-24,2.3412
2014-02-25,2.3412
2014-02-26,2.3489
2014-02-27,2.3191
2014-02-28,2.3435
2014-03-05,2.3186
2014-03-06,2.3238
2014-03-07,2.341
2014-03-10,2.3506
2014-03-11,2.3639
2014-03-12,2.3556
2014-03-13,2.3637
2014-03-14,2.3467
2014-03-17,2.3491
2014-03-18,2.334
2014-03-19,2.3483
2014-03-20,2.3279
2014-03-21,2.325
2014-03-24,2.3229
2014-03-25,2.3113
2014-03-26,2.3028
2014-03-27,2.2588
2014-03-28,2.2614
2014-03-31,2.272
2014-04-01,2.2609
2014-04-02,2.2688
2014-04-03,2.2794
2014-04-04,2.2358
2014-04-07,2.2189
2014-04-08,2.2017
2014-04-09,2.1869
2014-04-10,2.207
2014-04-11,2.2186
2014-04-14,2.2136
2014-04-15,2.2325
2014-04-16,2.2434
2014-04-17,2.2362
2014-04-22,2.2377
2014-04-23,2.2219
2014-04-24,2.2141
2014-04-25,2.2441
2014-04-28,2.2234
2014-04-29,2.2363
2014-04-30,2.2327
2014-05-02,2.222
2014-05-05,2.2449
2014-05-06,2.2295
2014-05-07,2.2166
2014-05-08,2.2152
2014-05-09,2.2127
2014-05-12,2.2143
2014-05-13,2.2149
2014-05-14,2.2021
2014-05-15,2.2188
2014-05-16,2.2152
2014-05-19,2.207
2014-05-20,2.2158
2014-05-21,2.2072
2014-05-22,2.221
2014-05-23,2.2233
2014-05-26,2.2243
2014-05-27,2.2379
2014-05-28,2.2325
2014-05-29,2.2241
2014-05-30,2.2413
2014-06-02,2.2768
2014-06-03,2.2807
2014-06-04,2.2784
2014-06-05,2.2616
2014-06-06,2.2471
2014-06-09,2.2288
2014-06-10,2.222
2014-06-11,2.2336
2014-06-12,2.236
2014-06-13,2.2243
2014-06-16,2.2355
2014-06-17,2.262
2014-06-18,2.2278
2014-06-20,2.2301
2014-06-23,2.221
2014-06-24,2.2248
2014-06-25,2.2078
2014-06-26,2.1967
2014-06-27,2.1937
2014-06-30,2.2145
2014-07-01,2.2018
2014-07-02,2.2249
2014-07-03,2.2102
2014-07-04,2.221
2014-07-07,2.2257
2014-07-08,2.212
2014-07-09,2.213
2014-07-10,2.2214
2014-07-11,2.2208
2014-07-14,2.2107
2014-07-15,2.2191
2014-07-16,2.2237
2014-07-17,2.2582
2014-07-18,2.2269
2014-07-21,2.2209
2014-07-22,2.2129
2014-07-23,2.2194
2014-07-24,2.2223
2014-07-25,2.2303
2014-07-28,2.2225
2014-07-29,2.2315
2014-07-30,2.2456
2014-07-31,2.2638
2014-08-01,2.2573
2014-08-04,2.259
2014-08-05,2.2815
2014-08-06,2.2728
2014-08-07,2.295
2014-08-08,2.2834
2014-08-11,2.2754
2014-08-12,2.2766
2014-08-13,2.2817
2014-08-14,2.2665
2014-08-15,2.2599
2014-08-18,2.2574
2014-08-19,2.2467
2014-08-20,2.262
2014-08-21,2.2689
2014-08-22,2.2778
2014-08-25,2.2885
2014-08-26,2.2615
2014-08-27,2.247
2014-08-28,2.2421
2014-08-29,2.2362
2014-09-01,2.2461
2014-09-02,2.2435
2014-09-03,2.235
2014-09-04,2.2431
2014-09-05,2.2432
2014-09-08,2.2675
2014-09-09,2.2846
2014-09-10,2.2887
2014-09-11,2.2978
2014-09-12,2.3387
2014-09-15,2.3427
2014-09-16,2.332
2014-09-17,2.3565
2014-09-18,2.3647
2014-09-19,2.3679
2014-09-22,2.3978
2014-09-23,2.4126
2014-09-24,2.3835
2014-09-25,2.4283
2014-09-26,2.4203
2014-09-29,2.4477
2014-09-30,2.4461
2014-10-01,2.481
2014-10-02,2.495
2014-10-03,2.459
2014-10-06,2.4263
2014-10-07,2.3965
2014-10-08,2.3774
2014-10-09,2.3986
2014-10-10,2.429
2014-10-13,2.3943
2014-10-14,2.4003
2014-10-15,2.4525
2014-10-16,2.4728
2014-10-17,2.4354
2014-10-20,2.4649
2014-10-21,2.4823
2014-10-22,2.4872
2014-10-23,2.5
2014-10-24,2.4787
2014-10-27,2.5213
2014-10-28,2.4605
2014-10-29,2.462
2014-10-30,2.404
2014-10-31,2.4779
2014-11-03,2.4955
2014-11-04,2.4955
2014-11-05,2.5079
2014-11-06,2.5698
2014-11-07,2.5645
2014-11-10,2.5525
2014-11-11,2.5563
2014-11-12,2.568
2014-11-13,2.5887
2014-11-14,2.6015
2014-11-17,2.6088
2014-11-18,2.5827
2014-11-19,2.5708
2014-11-20,2.572
2014-11-21,2.5159
2014-11-24,2.5464
2014-11-25,2.5302
2014-11-26,2.5012
2014-11-27,2.5312
2014-11-28,2.5651
2014-12-01,2.5603
2014-12-02,2.5693
2014-12-03,2.5534
2014-12-04,2.5912
2014-12-05,2.5876
2014-12-08,2.6005
2014-12-09,2.5955
2014-12-10,2.6166
2014-12-11,2.65
2014-12-12,2.655
2014-12-15,2.6957
2014-12-16,2.7386
2014-12-17,2.7151
2014-12-18,2.6625
2014-12-19,2.6603
2014-12-22,2.6653
2014-12-23,2.6951
2014-12-24,2.6883
2014-12-26,2.6691
2014-12-29,2.7048
2014-12-30,2.6582
2015-01-02,2.6941
2015-01-05,2.7057
2015-01-06,2.7006
2015-01-07,2.6827
2015-01-08,2.6623
2015-01-09,2.6332
2015-01-12,2.6738
2015-01-13,2.6424
2015-01-14,2.6171
2015-01-15,2.6425
2015-01-16,2.6222
2015-01-19,2.6509
2015-01-20,2.6131
2015-01-21,2.601
2015-01-22,2.5744
2015-01-23,2.5799
2015-01-26,2.5837
2015-01-27,2.5728
2015-01-28,2.5765
2015-01-29,2.6039
2015-01-30,2.6836
2015-02-02,2.7272
2015-02-03,2.6951
2015-02-04,2.7416
2015-02-05,2.7454
2015-02-06,2.7817
2015-02-09,2.7706
2015-02-10,2.8323
2015-02-11,2.8681
2015-02-12,2.8234
2015-02-13,2.8342
2015-02-18,2.8393
2015-02-19,2.8668
2015-02-20,2.8689
2015-02-23,2.8787
2015-02-24,2.8286
2015-02-25,2.8691
2015-02-26,2.9064
2015-02-27,2.8389
2015-03-02,2.895
2015-03-03,2.9314
2015-03-04,2.9783
2015-03-05,3.0032
2015-03-06,3.0642
2015-03-09,3.1224
2015-03-10,3.1014
2015-03-11,3.1258
2015-03-12,3.1658
2015-03-13,3.2486
2015-03-16,3.2457
2015-03-17,3.2396
2015-03-18,3.2106
2015-03-19,3.292
2015-03-20,3.2308
2015-03-23,3.1324
2015-03-24,3.1396
2015-03-25,3.2012
2015-03-26,3.1825
2015-03-27,3.2499
2015-03-30,3.2293
2015-03-31,3.1974
2015-04-01,3.1657
2015-04-02,3.1223
2015-04-06,3.1262
2015-04-07,3.1274
2015-04-08,3.0491
2015-04-09,3.0578
2015-04-10,3.0753
2015-04-13,3.1212
2015-04-14,3.0634
2015-04-15,3.0287
2015-04-16,3.0205
2015-04-17,3.0408
2015-04-20,3.0328
2015-04-22,3.0111
2015-04-23,2.9706
2015-04-24,2.9512
2015-04-27,2.9169
2015-04-28,2.9367
2015-04-29,2.9608
2015-04-30,3.0144
2015-05-04,3.087
2015-05-05,3.0562
2015-05-06,3.0349
2015-05-07,3.0261
2015-05-08,2.9739
2015-05-11,3.0621
2015-05-12,3.0199
2015-05-13,3.0395
2015-05-14,2.9934
2015-05-15,2.9931
2015-05-18,3.005
2015-05-19,3.039
2015-05-20,3.0025
2015-05-21,3.0383
2015-05-22,3.0943
2015-05-25,3.0978
2015-05-26,3.1531
2015-05-27,3.1395
2015-05-28,3.1623
2015-05-29,3.1787
2015-06-01,3.1683
2015-06-02,3.1323
2015-06-03,3.1334
2015-06-05,3.1422
2015-06-08,3.1129
2015-06-09,3.0969
2015-06-10,3.1179
2015-06-11,3.0898
2015-06-12,3.1185
2015-06-15,3.1276
2015-06-16,3.0885
2015-06-17,3.0568
2015-06-18,3.0607
2015-06-19,3.0978
2015-06-22,3.0791
2015-06-23,3.0753
2015-06-24,3.0971
2015-06-25,3.1274
2015-06-26,3.1293
2015-06-29,3.1176
2015-06-30,3.103
2015-07-01,3.1492
2015-07-02,3.0967
2015-07-03,3.1341
2015-07-06,3.1376
2015-07-07,3.1863
2015-07-08,3.2353
2015-07-09,3.213
2015-07-10,3.1599
2015-07-13,3.1344
2015-07-14,3.1393
2015-07-15,3.1401
2015-07-16,3.1568
2015-07-17,3.1881
2015-07-20,3.1958
2015-07-21,3.1716
2015-07-22,3.2231
2015-07-23,3.2854
2015-07-24,3.3554
2015-07-27,3.3637
2015-07-28,3.3567
2015-07-29,3.3314
2015-07-30,3.3713
2015-07-31,3.4211
2015-08-03,3.4508
2015-08-04,3.4711
2015-08-05,3.4851
2015-08-06,3.5363
2015-08-07,3.5071
2015-08-10,3.4404
2015-08-11,3.4745
2015-08-12,3.4807
2015-08-13,3.5187
2015-08-14,3.482
2015-08-17,3.481
2015-08-18,3.4681
2015-08-19,3.4926
2015-08-20,3.4579
2015-08-21,3.4998
2015-08-24,3.5524
2015-08-25,3.6172
2015-08-26,3.5968
2015-08-27,3.5526
2015-08-28,3.5819
2015-08-31,3.6198
2015-09-01,3.6977
2015-09-02,3.7609
2015-09-03,3.7397
2015-09-04,3.843
2015-09-08,3.8203
2015-09-09,3.7792
2015-09-10,3.8499
2015-09-11,3.8735
2015-09-14,3.8156
2015-09-15,3.8625
2015-09-16,3.8286
2015-09-17,3.8986
2015-09-18,3.9446
2015-09-21,3.9851
2015-09-22,4.0504
2015-09-23,4.179
2015-09-24,3.937
2015-09-25,3.9765
2015-09-28,4.1106
2015-09-29,4.0608
2015-09-30,3.9471
2015-10-01,4.0098
2015-10-02,3.9325
2015-10-05,3.9115
2015-10-06,3.8548
2015-10-07,3.8857
2015-10-08,3.784
2015-10-09,3.7662
2015-10-13,3.8931
2015-10-14,3.8126
2015-10-15,3.7994
2015-10-16,3.9253
2015-10-19,3.8864
2015-10-20,3.9053
2015-10-21,3.9399
2015-10-22,3.907
2015-10-23,3.8771
2015-10-26,3.9067
2015-10-27,3.8884
2015-10-28,3.9048
2015-10-29,3.8489
2015-10-30,3.8568
2015-11-03,3.7694
2015-11-04,3.8009
2015-11-05,3.7802
2015-11-06,3.7692
2015-11-09,3.7993
2015-11-10,3.7476
2015-11-11,3.7609
2015-11-12,3.771
2015-11-13,3.8494
2015-11-16,3.819
2015-11-17,3.8138
2015-11-18,3.7648
2015-11-19,3.7177
2015-11-20,3.708
2015-11-23,3.7323
2015-11-24,3.699
2015-11-25,3.745
2015-11-26,3.743
2015-11-27,3.8467
2015-11-30,3.8685
2015-12-01,3.85
2015-12-02,3.8366
2015-12-03,3.7592
2015-12-04,3.7524
2015-12-07,3.768
2015-12-08,3.795
2015-12-09,3.7502
2015-12-10,3.8134
2015-12-11,3.8739
2015-12-14,3.8733
2015-12-15,3.871
2015-12-16,3.8816
2015-12-17,3.8776
2015-12-18,3.9833
2015-12-21,4.0112
2015-12-22,3.9886
2015-12-23,3.9412
2015-12-24,3.942
2015-12-28,3.8594
2015-12-29,3.8649
2015-12-30,3.9582
2015-12-31,3.964
2016-01-04,4.0391
2016-01-05,4.0084
2016-01-06,4.0295
2016-01-07,4.0441
2016-01-08,4.0248
2016-01-11,4.0534
2016-01-12,4.028
2016-01-13,4.0152
2016-01-14,3.9997
2016-01-15,4.0483
2016-01-18,4.0333
2016-01-19,4.0643
2016-01-20,4.0975
2016-01-21,4.1548
2016-01-22,4.0934
2016-01-25,4.0892
2016-01-26,4.0514
2016-01-27,4.1104
2016-01-28,4.0695
2016-01-29,3.9991
2016-02-01,3.9646
2016-02-02,3.991
2016-02-03,3.896
2016-02-04,3.8899
2016-02-05,3.9066
2016-02-10,3.9295
2016-02-11,3.9925
2016-02-12,4.0017
2016-02-15,3.9973
2016-02-16,4.068
2016-02-17,3.9895
2016-02-18,4.0294
2016-02-19,4.0219
2016-02-22,3.9459
2016-02-23,3.9586
2016-02-24,3.9577
2016-02-25,3.9565
2016-02-26,4.0007
2016-02-29,4.0163
2016-03-01,3.9335
2016-03-02,3.8945
2016-03-03,3.7984
2016-03-04,3.7516
2016-03-07,3.785
2016-03-08,3.7545
2016-03-09,3.6885
2016-03-10,3.6271
2016-03-11,3.5855
2016-03-14,3.6617
2016-03-15,3.7674
2016-03-16,3.7422
2016-03-17,3.6276
2016-03-18,3.6248
2016-03-21,3.6182
2016-03-22,3.5803
2016-03-23,3.6854
2016-03-24,3.6771
2016-03-28,3.628
2016-03-29,3.6383
2016-03-30,3.6065
2016-03-31,3.5928
2016-04-01,3.554
2016-04-04,3.6237
2016-04-05,3.6804
2016-04-06,3.6419
2016-04-07,3.6896
2016-04-08,3.5898
2016-04-11,3.4924
2016-04-12,3.488
2016-04-13,3.4984
2016-04-14,3.4834
2016-04-15,3.5317
2016-04-18,3.6153
2016-04-19,3.5304
2016-04-20,3.5292
2016-04-22,3.5646
2016-04-25,3.5577
2016-04-26,3.5297
2016-04-27,3.5271
2016-04-28,3.4879
2016-04-29,3.4351
2016-05-02,3.5019
2016-05-03,3.5594
2016-05-04,3.548
2016-05-05,3.5345
2016-05-06,3.5038
2016-05-09,3.5164
2016-05-10,3.4764
2016-05-11,3.4513
2016-05-12,3.4848
2016-05-13,3.5324
2016-05-16,3.4992
2016-05-17,3.4883
2016-05-18,3.5682
2016-05-19,3.565
2016-05-20,3.5203
2016-05-23,3.5726
2016-05-24,3.5715
2016-05-25,3.5831
2016-05-27,3.6083
2016-05-30,3.5704
2016-05-31,3.6109
2016-06-01,3.6003
2016-06-02,3.5945
2016-06-03,3.5275
2016-06-06,3.489
2016-06-07,3.441
2016-06-08,3.3611
2016-06-09,3.3998
2016-06-10,3.4327
2016-06-13,3.4821
2016-06-14,3.4815
2016-06-15,3.4746
2016-06-16,3.466
2016-06-17,3.4167
2016-06-20,3.3948
2016-06-21,3.4142
2016-06-22,3.3775
2016-06-23,3.3366
2016-06-24,3.3765
2016-06-27,3.3923
2016-06-28,3.3031
2016-06-29,3.2201
2016-06-30,3.2126
2016-07-01,3.2353
2016-07-04,3.2696
2016-07-05,3.3036
2016-07-06,3.3298
2016-07-07,3.3675
2016-07-08,3.2997
2016-07-11,3.3093
2016-07-12,3.2956
2016-07-13,3.2636
2016-07-14,3.2503
2016-07-15,3.2819
2016-07-18,3.2542
2016-07-19,3.2485
2016-07-20,3.2594
2016-07-21,3.2719
2016-07-22,3.2558
2016-07-25,3.2877
2016-07-26,3.2761
2016-07-27,3.2621
2016-07-28,3.2923
2016-07-29,3.2491
2016-08-01,3.265
2016-08-02,3.2598
2016-08-03,3.238
2016-08-04,3.1932
2016-08-05,3.1649
2016-08-08,3.1737
2016-08-09,3.1451
2016-08-10,3.1265
2016-08-11,3.1442
2016-08-12,3.1933
2016-08-15,3.1859
2016-08-16,3.2022
2016-08-17,3.2056
2016-08-18,3.2393
2016-08-19,3.2037
2016-08-22,3.2007
2016-08-23,3.2344
2016-08-24,3.225
2016-08-25,3.2347
2016-08-26,3.2653
2016-08-29,3.23
2016-08-30,3.2418
2016-08-31,3.2263
2016-09-01,3.2592
2016-09-02,3.2569
2016-09-05,3.2832
2016-09-06,3.196
2016-09-08,3.2111
2016-09-09,3.2732
2016-09-12,3.2474
2016-09-13,3.313
2016-09-14,3.3448
2016-09-15,3.3021
2016-09-16,3.2624
2016-09-19,3.2727
2016-09-20,3.2593
2016-09-21,3.2048
2016-09-22,3.2207
2016-09-23,3.245
2016-09-26,3.24
2016-09-27,3.2346
2016-09-28,3.2153
2016-09-29,3.2593
2016-09-30,3.2613
2016-10-03,3.2095
2016-10-04,3.2585
2016-10-05,3.221
2016-10-06,3.2282
2016-10-07,3.2183
2016-10-10,3.2074
2016-10-11,3.1941
2016-10-13,3.1782
2016-10-14,3.2059
2016-10-17,3.2042
2016-10-18,3.187
2016-10-19,3.1686
2016-10-20,3.1411
2016-10-21,3.1565
2016-10-24,3.1221
2016-10-25,3.1125
2016-10-26,3.1401
2016-10-27,3.1661
2016-10-28,3.2007
2016-10-31,3.1939
2016-11-01,3.2318
2016-11-03,3.242
2016-11-04,3.2355
2016-11-07,3.2061
2016-11-08,3.1702
2016-11-09,3.2264
2016-11-10,3.3942
2016-11-11,3.4035
2016-11-14,3.4348
2016-11-16,3.4267
2016-11-17,3.4207
2016-11-18,3.3825
2016-11-21,3.3517
2016-11-22,3.3558
2016-11-23,3.3907
2016-11-24,3.3962
2016-11-25,3.4132
2016-11-28,3.3875
2016-11-29,3.3925
2016-11-30,3.3857
2016-12-01,3.4643
2016-12-02,3.4768
2016-12-05,3.4235
2016-12-06,3.4103
2016-12-07,3.393
2016-12-08,3.375
2016-12-09,3.3803
2016-12-12,3.3381
2016-12-13,3.3344
2016-12-14,3.3721
2016-12-15,3.3651
2016-12-16,3.3897
2016-12-19,3.3693
2016-12-20,3.3505
2016-12-21,3.331
2016-12-22,3.2912
2016-12-23,3.2699
2016-12-26,3.28
2016-12-27,3.2725
2016-12-28,3.2769
2016-12-29,3.2539
2016-12-30,3.25
2017-01-02,3.286
2017-01-03,3.265
2017-01-04,3.2213
2017-01-05,3.1991
2017-01-06,3.2224
2017-01-09,3.2
2017-01-10,3.1939
2017-01-11,3.1971
2017-01-12,3.1873
2017-01-13,3.2182
2017-01-16,3.2409
2017-01-17,3.2112
2017-01-18,3.2231
2017-01-19,3.2015
2017-01-20,3.1744
2017-01-23,3.1646
2017-01-24,3.1708
2017-01-25,3.1675
2017-01-26,3.1744
2017-01-27,3.141
2017-01-30,3.1266
2017-01-31,3.1486
2017-02-01,3.1282
2017-02-02,3.1214
2017-02-03,3.123
2017-02-06,3.1182
2017-02-07,3.1203
2017-02-08,3.1156
2017-02-09,3.127
2017-02-10,3.1154
2017-02-13,3.1104
2017-02-14,3.0846
2017-02-15,3.0569
2017-02-16,3.0893
2017-02-17,3.0991
2017-02-20,3.0879
2017-02-21,3.0965
2017-02-22,3.0655
2017-02-23,3.0636
2017-02-24,3.1097
2017-03-01,3.0935
2017-03-02,3.1533
2017-03-03,3.1161
2017-03-06,3.137
2017-03-07,3.1189
2017-03-08,3.17
2017-03-09,3.193
2017-03-10,3.1419
2017-03-13,3.1528
2017-03-14,3.1686
2017-03-15,3.1044
2017-03-16,3.1189
2017-03-17,3.0911
2017-03-20,3.0721
2017-03-21,3.0879
2017-03-22,3.0875
2017-03-23,3.14
2017-03-24,3.1085
2017-03-27,3.1265
2017-03-28,3.1409
2017-03-29,3.1199
2017-03-30,3.1502
2017-03-31,3.1224
2017-04-03,3.115
2017-04-04,3.0933
2017-04-05,3.1209
2017-04-06,3.1435
2017-04-07,3.1465
2017-04-10,3.1318
2017-04-11,3.1373
2017-04-12,3.1261
2017-04-13,3.1467
2017-04-17,3.0988
2017-04-18,3.1077
2017-04-19,3.1516
2017-04-20,3.148
2017-04-24,3.1281
2017-04-25,3.1472
2017-04-26,3.1736
2017-04-27,3.1839
2017-04-28,3.1765
2017-05-02,3.1519
2017-05-03,3.1666
2017-05-04,3.1886
2017-05-05,3.1766
2017-05-08,3.1985
2017-05-09,3.1903
2017-05-10,3.1675
2017-05-11,3.14
2017-05-12,3.1231
2017-05-15,3.1098
2017-05-16,3.0963
2017-05-17,3.1395
2017-05-18,3.3709
2017-05-19,3.2534
2017-05-22,3.2666
2017-05-23,3.2701
2017-05-24,3.278
2017-05-25,3.2737
2017-05-26,3.26
2017-05-29,3.2569
2017-05-30,3.2581
2017-05-31,3.2266
2017-06-01,3.2506
2017-06-02,3.2452
2017-06-05,3.297
2017-06-06,3.2779
2017-06-07,3.2697
2017-06-08,3.2614
2017-06-09,3.2967
2017-06-12,3.3189
2017-06-13,3.3151
2017-06-14,3.2751
2017-06-16,3.293
2017-06-19,3.2828
2017-06-20,3.3277
2017-06-21,3.3363
2017-06-22,3.3422
2017-06-23,3.3428
2017-06-26,3.2968
2017-06-27,3.3143
2017-06-28,3.2803
2017-06-29,3.3038
2017-06-30,3.3072
2017-07-03,3.3016
2017-07-04,3.3099
2017-07-05,3.2887
2017-07-06,3.2985
2017-07-07,3.2816
2017-07-10,3.2558
2017-07-11,3.2547
2017-07-12,3.208
2017-07-13,3.2123
2017-07-14,3.18
2017-07-17,3.1821
2017-07-18,3.1564
2017-07-19,3.1489
2017-07-20,3.1209
2017-07-21,3.1434
2017-07-24,3.1469
2017-07-25,3.1727
2017-07-26,3.138
2017-07-27,3.1505
2017-07-28,3.1321
2017-07-31,3.1266
2017-08-01,3.1263
2017-08-02,3.1136
2017-08-03,3.1147
2017-08-04,3.1316
2017-08-07,3.1265
2017-08-08,3.1265
2017-08-09,3.1557
2017-08-10,3.1753
2017-08-11,3.1937
2017-08-14,3.1894
2017-08-15,3.1701
2017-08-16,3.1525
2017-08-17,3.1751
2017-08-18,3.1472
2017-08-21,3.1645
2017-08-22,3.1618
2017-08-23,3.1416
2017-08-24,3.1482
2017-08-25,3.159
2017-08-28,3.1672
2017-08-29,3.1641
2017-08-30,3.1599
2017-08-31,3.1491
2017-09-01,3.1404
2017-09-04,3.1411
2017-09-05,3.1172
2017-09-06,3.1
2017-09-08,3.0872
2017-09-11,3.1033
2017-09-12,3.1256
2017-09-13,3.1351
2017-09-14,3.1205
2017-09-15,3.1104
2017-09-18,3.1362
2017-09-19,3.136
2017-09-20,3.1349
2017-09-21,3.1374
2017-09-22,3.124
2017-09-25,3.1597
2017-09-26,3.1661
2017-09-27,3.1929
2017-09-28,3.182
2017-09-29,3.1623
2017-10-02,3.1542
2017-10-03,3.1432
2017-10-04,3.133
2017-10-05,3.1537
2017-10-06,3.1554
2017-10-09,3.1883
2017-10-10,3.1797
2017-10-11,3.1749
2017-10-13,3.1454
2017-10-16,3.1697
2017-10-17,3.1605
2017-10-18,3.1707
2017-10-19,3.1716
2017-10-20,3.1935
2017-10-23,3.2351
2017-10-24,3.2473
2017-10-25,3.2347
2017-10-26,3.2975
2017-10-27,3.2356
2017-10-30,3.2806
2017-10-31,3.2713
2017-11-01,3.2667
2017-11-03,3.3141
2017-11-06,3.2526
2017-11-07,3.2731
2017-11-08,3.2503
2017-11-09,3.2504
2017-11-10,3.2838
2017-11-13,3.2792
2017-11-14,3.3151
2017-11-16,3.2771
2017-11-17,3.2592
2017-11-20,3.259
2017-11-21,3.2545
2017-11-22,3.2251
2017-11-23,3.2225
2017-11-24,3.2323
2017-11-27,3.2263
2017-11-28,3.2137
2017-11-29,3.2442
2017-11-30,3.2683
2017-12-01,3.2583
2017-12-04,3.2453
2017-12-05,3.2424
2017-12-06,3.2351
2017-12-07,3.2934
2017-12-08,3.2938
2017-12-11,3.3036
2017-12-12,3.3194
2017-12-13,3.3175
2017-12-14,3.3352
2017-12-15,3.3019
2017-12-18,3.2886
2017-12-19,3.2911
2017-12-20,3.2965
2017-12-21,3.3067
2017-12-22,3.3376
2017-12-26,3.3096
2017-12-27,3.317
2017-12-28,3.3132
2017-12-29,3.3085
2018-01-02,3.2619
2018-01-03,3.2385
2018-01-04,3.2308
2018-01-05,3.229
2018-01-08,3.2369
2018-01-09,3.2495
2018-01-10,3.2354
2018-01-11,3.2146
2018-01-12,3.2055
2018-01-15,3.2158
2018-01-16,3.2244
2018-01-17,3.2228
2018-01-18,3.2115
2018-01-19,3.1962
2018-01-22,3.2041
2018-01-23,3.2394
2018-01-24,3.142
2018-01-25,3.1325
2018-01-26,3.1482
2018-01-29,3.1553
2018-01-30,3.1814
2018-01-31,3.1869
2018-02-01,3.1704
2018-02-02,3.2196
2018-02-05,3.2532
2018-02-06,3.2348
2018-02-07,3.2713
2018-02-08,3.2852
2018-02-09,3.3021
2018-02-14,3.2247
2018-02-15,3.2313
2018-02-16,3.2304
2018-02-19,3.2334
2018-02-20,3.2533
2018-02-21,3.2662
2018-02-22,3.2522
2018-02-23,3.2387
2018-02-26,3.2249
2018-02-27,3.2504
2018-02-28,3.2477
2018-03-01,3.2515
2018-03-02,3.2534
2018-03-05,3.2431
2018-03-06,3.211
2018-03-07,3.2437
2018-03-08,3.2649
2018-03-09,3.2559
2018-03-12,3.262
2018-03-13,3.2609
2018-03-14,3.2607
2018-03-15,3.2852
2018-03-16,3.2808
2018-03-19,3.2873
2018-03-20,3.3116
2018-03-21,3.2729
2018-03-22,3.3152
2018-03-23,3.3126
2018-03-26,3.3143
2018-03-27,3.3257
2018-03-28,3.3216
2018-03-29,3.3063
2018-04-02,3.3112
2018-04-03,3.3407
2018-04-04,3.3298
2018-04-05,3.3452
2018-04-06,3.3682
2018-04-09,3.422
2018-04-10,3.4089
2018-04-11,3.3747
2018-04-12,3.413
2018-04-13,3.4229
2018-04-16,3.4195
2018-04-17,3.408
2018-04-18,3.3804
2018-04-19,3.3844
2018-04-20,3.413
2018-04-23,3.4526
2018-04-24,3.4734
2018-04-25,3.4852
2018-04-26,3.4756
2018-04-27,3.4574
2018-04-30,3.5072
2018-05-02,3.5504
2018-05-03,3.5272
2018-05-04,3.5293
2018-05-07,3.551
2018-05-08,3.5617
2018-05-09,3.5924
2018-05-10,3.5499
2018-05-11,3.6003
2018-05-14,3.6237
2018-05-15,3.6549
2018-05-16,3.6761
2018-05-17,3.6968
2018-05-18,3.7377
2018-05-21,3.6778
2018-05-22,3.6481
2018-05-23,3.6284
2018-05-24,3.6469
2018-05-25,3.6534
2018-05-28,3.7348
2018-05-29,3.7256
2018-05-30,3.7239
2018-06-01,3.7661
2018-06-04,3.7453
2018-06-05,3.8091
2018-06-06,3.8513
2018-06-07,3.9043
2018-06-08,3.7091
2018-06-11,3.7114
2018-06-12,3.7193
2018-06-13,3.7216
2018-06-14,3.8066
2018-06-15,3.7295
2018-06-18,3.747
2018-06-19,3.7469
2018-06-20,3.7721
2018-06-21,3.7694
2018-06-22,3.7856
2018-06-25,3.7745
2018-06-26,3.8019
2018-06-27,3.8624
2018-06-28,3.8605
2018-06-29,3.8765
2018-07-02,3.9113
2018-07-03,3.8974
2018-07-04,3.9137
2018-07-05,3.932
2018-07-06,3.8629
2018-07-09,3.8725
2018-07-10,3.8147
2018-07-11,3.8763
2018-07-12,3.8809
2018-07-13,3.8518
2018-07-16,3.8604
2018-07-17,3.8386
2018-07-18,3.8492
2018-07-19,3.8313
2018-07-20,3.768
2018-07-23,3.783
2018-07-24,3.7488
2018-07-25,3.6906
2018-07-26,3.7471
2018-07-27,3.7121
2018-07-30,3.7297
2018-07-31,3.7574
2018-08-01,3.7503
2018-08-02,3.7496
2018-08-03,3.7074
2018-08-06,3.7364
2018-08-07,3.7523
2018-08-08,3.772
2018-08-09,3.8005
2018-08-10,3.8618
2018-08-13,3.8836
2018-08-14,3.8671
2018-08-15,3.9047
2018-08-16,3.9069
2018-08-17,3.9104
2018-08-20,3.9701
2018-08-21,4.0483
2018-08-22,4.0433
2018-08-23,4.1135
2018-08-24,4.104
2018-08-27,4.0814
2018-08-28,4.1375
2018-08-29,4.1063
2018-08-30,4.1492
2018-08-31,4.054
2018-09-03,4.1582
2018-09-04,4.1605
2018-09-05,4.1461
2018-09-06,4.0587
2018-09-10,4.0868
2018-09-11,4.1532
2018-09-12,4.1617
2018-09-13,4.207
2018-09-14,4.1741
2018-09-17,4.1343
2018-09-18,4.1635
2018-09-19,4.1287
2018-09-20,4.0772
2018-09-21,4.0489
2018-09-24,4.0901
2018-09-25,4.076
2018-09-26,4.0345
2018-09-27,4.0128
2018-09-28,4.0493
2018-10-01,4.0187
2018-10-02,3.9406
2018-10-03,3.9022
2018-10-04,3.8743
2018-10-05,3.8393
2018-10-08,3.7792
2018-10-09,3.7152
2018-10-10,3.7564
2018-10-11,3.781
2018-10-15,3.7359
2018-10-16,3.7248
2018-10-17,3.6876
2018-10-18,3.7214
2018-10-19,3.7148
2018-10-22,3.687
2018-10-23,3.6944
2018-10-24,3.7345
2018-10-25,3.705
2018-10-26,3.6421
2018-10-29,3.7194
2018-10-30,3.6972
2018-10-31,3.7224
2018-11-01,3.6998
2018-11-05,3.7286
2018-11-06,3.7635
2018-11-07,3.7381
2018-11-08,3.7608
2018-11-09,3.7303
2018-11-12,3.7649
2018-11-13,3.8103
2018-11-14,3.7848
2018-11-16,3.739
2018-11-19,3.7598
2018-11-20,3.7645
2018-11-21,3.7975
2018-11-22,3.804
2018-11-23,3.828
2018-11-26,3.9337
2018-11-27,3.8772
2018-11-28,3.8544
2018-11-29,3.8525
2018-11-30,3.8663
2018-12-03,3.8447
2018-12-04,3.8493
2018-12-05,3.8654
2018-12-06,3.8821
2018-12-07,3.9079
2018-12-10,3.9229
2018-12-11,3.9003
2018-12-12,3.8531
2018-12-13,3.8909
2018-12-14,3.9135
2018-12-17,3.902
2018-12-18,3.9092
2018-12-19,3.8952
2018-12-20,3.8442
2018-12-21,3.9
2018-12-24,3.8924
2018-12-26,3.9281
2018-12-27,3.8759
2018-12-28,3.8767
2018-12-31,3.8745
2019-01-02,3.7859
2019-01-03,3.7594
2019-01-04,3.7155
2019-01-07,3.7327
2019-01-08,3.7139
2019-01-09,3.6808
2019-01-10,3.7118
2019-01-11,3.7136
2019-01-14,3.6976
2019-01-15,3.72
2019-01-16,3.7368
2019-01-17,3.746
2019-01-18,3.7544
2019-01-21,3.7601
2019-01-22,3.8047
2019-01-23,3.7593
2019-01-24,3.7708
2019-01-25,3.762
2019-01-28,3.7661
2019-01-29,3.7257
2019-01-30,3.6794
2019-01-31,3.6468
2019-02-01,3.6568
2019-02-04,3.6666
2019-02-05,3.6666
2019-02-06,3.7006
2019-02-07,3.7171
2019-02-08,3.732
2019-02-11,3.7558
2019-02-12,3.712
2019-02-13,3.7592
2019-02-14,3.7188
2019-02-15,3.7014
2019-02-18,3.7354
2019-02-19,3.7218
2019-02-20,3.7303
2019-02-21,3.7627
2019-02-22,3.747
2019-02-25,3.7476
2019-02-26,3.7489
2019-02-27,3.7295
2019-02-28,3.7568
2019-03-01,3.7786
2019-03-06,3.8393
2019-03-07,3.8759
2019-03-08,3.8658
2019-03-11,3.841
2019-03-12,3.8114
2019-03-13,3.817
2019-03-14,3.8447
2019-03-15,3.8144
2019-03-18,3.7917
2019-03-19,3.7891
2019-03-20,3.7763
2019-03-21,3.7932
2019-03-22,3.9065
2019-03-25,3.8543
2019-03-26,3.8754
2019-03-27,3.994
2019-03-28,3.901
2019-03-29,3.9205
2019-04-01,3.851
2019-04-02,3.8537
2019-04-03,3.8711
2019-04-04,3.8588
2019-04-05,3.8735
2019-04-08,3.8509
2019-04-09,3.8505
2019-04-10,3.8251
2019-04-11,3.8604
2019-04-12,3.8816
2019-04-15,3.8723
2019-04-16,3.9049
2019-04-17,3.9408
2019-04-18,3.9271
2019-04-22,3.9363
2019-04-23,3.9216
2019-04-24,3.9922
2019-04-25,3.9501
2019-04-26,3.9315
2019-04-29,3.9431
2019-04-30,3.921
2019-05-02,3.966
2019-05-03,3.938
2019-05-06,3.9697
2019-05-07,3.9705
2019-05-08,3.9286
2019-05-09,3.9472
2019-05-10,3.9537
2019-05-13,3.9937
2019-05-14,3.9762
2019-05-15,4.0017
2019-05-16,4.0449
2019-05-17,4.0991
2019-05-20,4.0966
2019-05-21,4.0392
2019-05-22,4.0402
2019-05-23,4.0408
2019-05-24,4.0227
2019-05-27,4.0422
2019-05-28,4.0253
2019-05-29,3.9732
2019-05-30,3.982
2019-05-31,3.9232
2019-06-03,3.8864
2019-06-04,3.8568
2019-06-05,3.8812
2019-06-06,3.8812
2019-06-07,3.8795
2019-06-10,3.8888
2019-06-11,3.8579
2019-06-12,3.8674
2019-06-13,3.8491
2019-06-14,3.8967
2019-06-17,3.8891
2019-06-18,3.8606
2019-06-19,3.8395
2019-06-21,3.8216
2019-06-24,3.8254
2019-06-25,3.8492
2019-06-26,3.8441
2019-06-27,3.8197
2019-06-28,3.8499
2019-07-01,3.841
2019-07-02,3.8482
2019-07-03,3.8295
2019-07-04,3.8021
2019-07-05,3.8217
2019-07-08,3.8071
2019-07-09,3.791
2019-07-10,3.7543
2019-07-11,3.7547
2019-07-12,3.7369
2019-07-15,3.757
2019-07-16,3.7694
2019-07-17,3.765
2019-07-18,3.7215
2019-07-19,3.7492
2019-07-22,3.7406
2019-07-23,3.7749
2019-07-24,3.7755
2019-07-25,3.7792
2019-07-26,3.7775
2019-07-29,3.7818
2019-07-30,3.7908
2019-07-31,3.8148
2019-08-01,3.8404
2019-08-02,3.8895
2019-08-05,3.9773
2019-08-06,3.9618
2019-08-07,3.9706
2019-08-08,3.9198
2019-08-09,3.9418
2019-08-12,3.9845
2019-08-13,3.9671
2019-08-14,4.052
2019-08-15,3.9925
2019-08-16,4.0059
2019-08-19,4.0745
2019-08-20,4.0555
2019-08-21,4.027
2019-08-22,4.0713
2019-08-23,4.1223
2019-08-26,4.1569
2019-08-27,4.1305
2019-08-28,4.1682
2019-08-29,4.1706
2019-08-30,4.1453
2019-09-02,4.188
2019-09-03,4.1677
2019-09-04,4.0949
2019-09-05,4.1096
2019-09-06,4.0605
2019-09-09,4.0962
2019-09-10,4.0814
2019-09-11,4.0679
2019-09-12,4.062
2019-09-13,4.0871
2019-09-16,4.0804
2019-09-17,4.0775
2019-09-18,4.1109
2019-09-19,4.1673
2019-09-20,4.147
2019-09-23,4.1646
2019-09-24,4.1655
2019-09-25,4.148
2019-09-26,4.1691
2019-09-27,4.1597
2019-09-30,4.1562
2019-10-01,4.1594
2019-10-02,4.1297
2019-10-03,4.0815
2019-10-04,4.0561
2019-10-07,4.1074
2019-10-08,4.0953
2019-10-09,4.1098
2019-10-10,4.1083
2019-10-11,4.1098
2019-10-14,4.1263
2019-10-15,4.1803
2019-10-16,4.1544
2019-10-17,4.1641
2019-10-18,4.1127
2019-10-21,4.1296
2019-10-22,4.083
2019-10-23,4.0364
2019-10-24,4.0429
2019-10-25,4.0031
2019-10-28,3.9925
2019-10-29,3.9992
2019-10-30,3.992
2019-10-31,4.0183
2019-11-01,3.9914
2019-11-04,4.0173
2019-11-05,3.9926
2019-11-06,4.0748
2019-11-07,4.101
2019-11-08,4.1676
2019-11-11,4.1478
2019-11-12,4.1642
2019-11-13,4.1768
2019-11-14,4.1892
2019-11-18,4.2087
2019-11-19,4.1994
2019-11-20,4.2032
2019-11-21,4.195
2019-11-22,4.196
2019-11-25,4.2276
2019-11-26,4.2386
2019-11-27,4.2592
2019-11-28,4.2119
2019-11-29,4.2372
2019-12-02,4.2169
2019-12-03,4.2049
2019-12-04,4.2069
2019-12-05,4.1873
2019-12-06,4.1394
2019-12-09,4.1399
2019-12-10,4.1455
2019-12-11,4.1179
2019-12-12,4.091
2019-12-13,4.1076
2019-12-16,4.0581
2019-12-17,4.0721
2019-12-18,4.0674
2019-12-19,4.0654
2019-12-20,4.0978
2019-12-23,4.0785
2019-12-24,4.0907
2019-12-26,4.0538
2019-12-27,4.0469
2019-12-30,4.0227
2019-12-31,4.0304
2020-01-02,4.024
2020-01-03,4.0588
2020-01-06,4.0533
