fips_code,County,date,Yield
38031,FOSTER,2019,52.5
38043,KIDDER,2019,36.9
38093,STUTSMAN,2019,43.5
38003,BARNES,2019,52.6
38017,CASS,2019,48.9
38039,GRIGGS,2019,45.7
38091,STEELE,2019,51.1
38097,TRAILL,2019,53
38009,BOTTINEAU,2019,52.8
38079,ROLETTE,2019,60.4
38019,CAVALIER,2019,58.5
38035,GRAND FORKS,2019,55.4
38067,PEMBINA,2019,59.8
38095,TOWNER,2019,54.2
38099,WALSH,2019,59.1
38075,RENVILLE,2019,48.1
38101,WARD,2019,44.7
38021,DICKEY,2019,52.2
38045,LA MOURE,2019,48
38047,LOGAN,2019,43.4
38051,MCINTOSH,2019,42.8
38073,RANSOM,2019,55.4
38077,RICHLAND,2019,50.5
38081,SARGENT,2019,52.8
38007,BILLINGS,2019,41.6
38011,BOWMAN,2019,40.7
38033,GOLDEN VALLEY,2019,43.1
38087,SLOPE,2019,40.4
38055,MCLEAN,2019,51.2
38065,OLIVER,2019,38.1
38031,FOSTER,2018,45.3
38043,KIDDER,2018,42.2
38093,STUTSMAN,2018,41.4
38103,WELLS,2018,52.5
38003,BARNES,2018,56.3
38017,CASS,2018,58.4
38039,GRIGGS,2018,54.1
38091,STEELE,2018,55.3
38097,TRAILL,2018,57.6
38005,BENSON,2018,53.9
38009,BOTTINEAU,2018,49.5
38069,PIERCE,2018,55
38019,CAVALIER,2018,57.8
38035,GRAND FORKS,2018,58.5
38063,NELSON,2018,48.4
38067,PEMBINA,2018,56.3
38071,RAMSEY,2018,54.9
38095,TOWNER,2018,59.3
38099,WALSH,2018,55.9
38061,MOUNTRAIL,2018,44.9
38075,RENVILLE,2018,51.3
38101,WARD,2018,47.7
38105,WILLIAMS,2018,35.4
38029,EMMONS,2018,47.1
38059,MORTON,2018,42.1
38021,DICKEY,2018,46.3
38045,LA MOURE,2018,47.9
38047,LOGAN,2018,43.9
38051,MCINTOSH,2018,48.9
38073,RANSOM,2018,60.4
38077,RICHLAND,2018,57.2
38081,SARGENT,2018,54.1
38007,BILLINGS,2018,38.5
38011,BOWMAN,2018,43.2
38033,GOLDEN VALLEY,2018,38.8
38041,HETTINGER,2018,41.2
38087,SLOPE,2018,45.4
38053,MCKENZIE,2018,34.6
38055,MCLEAN,2018,47.6
38057,MERCER,2018,37.7
38027,EDDY,2017,48.1
38031,FOSTER,2017,49
38043,KIDDER,2017,36.1
38083,SHERIDAN,2017,31.1
38093,STUTSMAN,2017,45.5
38103,WELLS,2017,49.1
38003,BARNES,2017,56.2
38017,CASS,2017,71.1
38039,GRIGGS,2017,59.2
38091,STEELE,2017,63.4
38097,TRAILL,2017,70.9
38005,BENSON,2017,50.9
38009,BOTTINEAU,2017,48.6
38049,MCHENRY,2017,34.3
38019,CAVALIER,2017,58.3
38035,GRAND FORKS,2017,65
38063,NELSON,2017,55.5
38067,PEMBINA,2017,69
38071,RAMSEY,2017,56.7
38095,TOWNER,2017,56.5
38099,WALSH,2017,61.2
38023,DIVIDE,2017,24.7
38061,MOUNTRAIL,2017,29.4
38075,RENVILLE,2017,41.8
38101,WARD,2017,37
38029,EMMONS,2017,27.5
38059,MORTON,2017,16.2
38021,DICKEY,2017,45.5
38045,LA MOURE,2017,46
38047,LOGAN,2017,37
38073,RANSOM,2017,60.9
38081,SARGENT,2017,60.4
38007,BILLINGS,2017,21.1
38087,SLOPE,2017,18.4
38089,STARK,2017,18.5
38025,DUNN,2017,22.7
38053,MCKENZIE,2017,28.2
38055,MCLEAN,2017,31.2
38027,EDDY,2016,50
38031,FOSTER,2016,52.3
38093,STUTSMAN,2016,57.6
38003,BARNES,2016,64.1
38017,CASS,2016,67.1
38039,GRIGGS,2016,54.2
38091,STEELE,2016,62
38097,TRAILL,2016,61
38005,BENSON,2016,52.9
38009,BOTTINEAU,2016,50.1
38049,MCHENRY,2016,43.9
38069,PIERCE,2016,47.6
38079,ROLETTE,2016,48.8
38019,CAVALIER,2016,51.6
38035,GRAND FORKS,2016,57.5
38063,NELSON,2016,47.1
38067,PEMBINA,2016,47.1
38071,RAMSEY,2016,50.4
38095,TOWNER,2016,46.2
38099,WALSH,2016,47.2
38061,MOUNTRAIL,2016,43.5
38075,RENVILLE,2016,49
38101,WARD,2016,54
38059,MORTON,2016,36
38021,DICKEY,2016,56
38045,LA MOURE,2016,63.3
38047,LOGAN,2016,44.3
38051,MCINTOSH,2016,42
38073,RANSOM,2016,64.1
38007,BILLINGS,2016,25.7
38033,GOLDEN VALLEY,2016,37.3
38087,SLOPE,2016,26.5
38089,STARK,2016,38.1
38025,DUNN,2016,40.2
38055,MCLEAN,2016,51
38065,OLIVER,2016,45.2
38043,KIDDER,2015,38.5
38093,STUTSMAN,2015,53.4
38103,WELLS,2015,49.5
38003,BARNES,2015,62.7
38017,CASS,2015,64.7
38039,GRIGGS,2015,55.9
38091,STEELE,2015,54.2
38097,TRAILL,2015,65.3
38005,BENSON,2015,50.1
38009,BOTTINEAU,2015,48.8
38049,MCHENRY,2015,41.6
38069,PIERCE,2015,48.5
38079,ROLETTE,2015,51.7
38019,CAVALIER,2015,54.1
38035,GRAND FORKS,2015,54.8
38067,PEMBINA,2015,58.7
38095,TOWNER,2015,51.9
38099,WALSH,2015,47.3
38061,MOUNTRAIL,2015,43.2
38101,WARD,2015,49.3
38105,WILLIAMS,2015,35.3
38029,EMMONS,2015,50.2
38059,MORTON,2015,47.8
38021,DICKEY,2015,51.1
38073,RANSOM,2015,60.3
38077,RICHLAND,2015,62.1
38081,SARGENT,2015,61.4
38001,ADAMS,2015,42.9
38007,BILLINGS,2015,45.4
38033,GOLDEN VALLEY,2015,46.1
38025,DUNN,2015,39.8
38053,MCKENZIE,2015,31.4
38055,MCLEAN,2015,46.2
38031,FOSTER,2014,46
38043,KIDDER,2014,40.1
38093,STUTSMAN,2014,48.5
38103,WELLS,2014,51.8
38003,BARNES,2014,58.1
38017,CASS,2014,59.6
38039,GRIGGS,2014,52.4
38091,STEELE,2014,54.9
38097,TRAILL,2014,60.9
38005,BENSON,2014,52.5
38009,BOTTINEAU,2014,47.5
38049,MCHENRY,2014,43.8
38069,PIERCE,2014,51.4
38079,ROLETTE,2014,51.5
38019,CAVALIER,2014,56.5
38035,GRAND FORKS,2014,54.1
38071,RAMSEY,2014,54.9
38095,TOWNER,2014,51
38099,WALSH,2014,52
38013,BURKE,2014,43.1
38023,DIVIDE,2014,35.6
38061,MOUNTRAIL,2014,40.5
38075,RENVILLE,2014,46.5
38101,WARD,2014,47.8
38105,WILLIAMS,2014,38.4
38029,EMMONS,2014,48.1
38037,GRANT,2014,37.8
38059,MORTON,2014,43.2
38021,DICKEY,2014,50.2
38073,RANSOM,2014,59.8
38077,RICHLAND,2014,54.8
38081,SARGENT,2014,53.2
38011,BOWMAN,2014,39.8
38033,GOLDEN VALLEY,2014,41.6
38041,HETTINGER,2014,47.6
38087,SLOPE,2014,43.9
38089,STARK,2014,36.8
38025,DUNN,2014,41.6
38053,MCKENZIE,2014,38.6
38055,MCLEAN,2014,51
38057,MERCER,2014,37.8
38065,OLIVER,2014,38.1
38027,EDDY,2013,44.1
38043,KIDDER,2013,37.2
38093,STUTSMAN,2013,41.3
38003,BARNES,2013,54.1
38017,CASS,2013,57.1
38039,GRIGGS,2013,54
38009,BOTTINEAU,2013,53.5
38019,CAVALIER,2013,57.8
38035,GRAND FORKS,2013,50.4
38099,WALSH,2013,52.3
38101,WARD,2013,46.1
38059,MORTON,2013,43.1
38077,RICHLAND,2013,51.1
38081,SARGENT,2013,51.4
38087,SLOPE,2013,44
38089,STARK,2013,49.7
38025,DUNN,2013,41.6
38055,MCLEAN,2013,45.3
38065,OLIVER,2013,41.6
38027,EDDY,2012,46
38043,KIDDER,2012,38.3
38093,STUTSMAN,2012,46.3
38103,WELLS,2012,47.9
38003,BARNES,2012,49.4
38017,CASS,2012,56.7
38039,GRIGGS,2012,54.8
38091,STEELE,2012,53.5
38097,TRAILL,2012,63.6
38005,BENSON,2012,48.4
38009,BOTTINEAU,2012,44.8
38049,MCHENRY,2012,41.6
38069,PIERCE,2012,43.3
38079,ROLETTE,2012,51.2
38019,CAVALIER,2012,52.5
38035,GRAND FORKS,2012,57.2
38067,PEMBINA,2012,62.9
38095,TOWNER,2012,49.9
38099,WALSH,2012,49.7
38013,BURKE,2012,34.9
38075,RENVILLE,2012,44.9
38101,WARD,2012,44.2
38105,WILLIAMS,2012,30.7
38029,EMMONS,2012,42.5
38037,GRANT,2012,33.3
38059,MORTON,2012,44.3
38021,DICKEY,2012,44.9
38051,MCINTOSH,2012,37.5
38073,RANSOM,2012,51
38077,RICHLAND,2012,59.8
38081,SARGENT,2012,51.6
38001,ADAMS,2012,33.2
38011,BOWMAN,2012,32.2
38033,GOLDEN VALLEY,2012,33.2
38087,SLOPE,2012,32
38089,STARK,2012,37.5
38025,DUNN,2012,38.4
38055,MCLEAN,2012,46.3
38065,OLIVER,2012,44.8
38031,FOSTER,2011,30
38043,KIDDER,2011,30.5
38093,STUTSMAN,2011,27.1
38103,WELLS,2011,30.4
38003,BARNES,2011,34
38017,CASS,2011,25.9
38039,GRIGGS,2011,30.6
38091,STEELE,2011,32.2
38097,TRAILL,2011,36.1
38005,BENSON,2011,34.3
38009,BOTTINEAU,2011,33.8
38049,MCHENRY,2011,25.5
38069,PIERCE,2011,37.4
38079,ROLETTE,2011,37.1
38019,CAVALIER,2011,41.8
38035,GRAND FORKS,2011,39.6
38063,NELSON,2011,34.3
38067,PEMBINA,2011,42.3
38071,RAMSEY,2011,39.5
38095,TOWNER,2011,37
38099,WALSH,2011,44.3
38013,BURKE,2011,31.4
38061,MOUNTRAIL,2011,25.2
38101,WARD,2011,28.1
38105,WILLIAMS,2011,24.1
38015,BURLEIGH,2011,21.5
38029,EMMONS,2011,30.1
38037,GRANT,2011,17.9
38059,MORTON,2011,17.5
38085,SIOUX,2011,20.3
38045,LA MOURE,2011,35.4
38047,LOGAN,2011,25.6
38051,MCINTOSH,2011,30.2
38073,RANSOM,2011,33
38077,RICHLAND,2011,31.5
38001,ADAMS,2011,16.6
38007,BILLINGS,2011,26.5
38011,BOWMAN,2011,18.3
38033,GOLDEN VALLEY,2011,27.1
38041,HETTINGER,2011,26.7
38087,SLOPE,2011,16.3
38089,STARK,2011,25.4
38025,DUNN,2011,26.3
38053,MCKENZIE,2011,27.5
38055,MCLEAN,2011,29.8
38027,EDDY,2010,48.3
38031,FOSTER,2010,53.4
38043,KIDDER,2010,37.3
38083,SHERIDAN,2010,42.9
38093,STUTSMAN,2010,46.5
38103,WELLS,2010,50.7
38003,BARNES,2010,52.2
38017,CASS,2010,55.5
38039,GRIGGS,2010,53.9
38091,STEELE,2010,56.4
38097,TRAILL,2010,65.2
38005,BENSON,2010,44.9
38009,BOTTINEAU,2010,43.5
38049,MCHENRY,2010,40
38069,PIERCE,2010,47.1
38079,ROLETTE,2010,47.1
38019,CAVALIER,2010,49.1
38035,GRAND FORKS,2010,56.4
38063,NELSON,2010,46.3
38067,PEMBINA,2010,51.4
38071,RAMSEY,2010,46.8
38095,TOWNER,2010,46.9
38099,WALSH,2010,51.3
38013,BURKE,2010,34.8
38023,DIVIDE,2010,33.6
38061,MOUNTRAIL,2010,37.8
38075,RENVILLE,2010,45.4
38101,WARD,2010,43.5
38105,WILLIAMS,2010,31.5
38029,EMMONS,2010,37.1
38037,GRANT,2010,31.1
38059,MORTON,2010,35.7
38021,DICKEY,2010,52.7
38045,LA MOURE,2010,53.3
38047,LOGAN,2010,37.3
38051,MCINTOSH,2010,41.3
38073,RANSOM,2010,55.5
38077,RICHLAND,2010,49.8
38081,SARGENT,2010,57.5
38001,ADAMS,2010,33.4
38007,BILLINGS,2010,33.3
38011,BOWMAN,2010,31
38033,GOLDEN VALLEY,2010,36.1
38041,HETTINGER,2010,40.2
38087,SLOPE,2010,35.1
38089,STARK,2010,39.6
38025,DUNN,2010,35.7
38053,MCKENZIE,2010,36.2
38055,MCLEAN,2010,44
38057,MERCER,2010,39.5
38065,OLIVER,2010,40
38027,EDDY,2009,43.5
38031,FOSTER,2009,51.5
38043,KIDDER,2009,38
38083,SHERIDAN,2009,42.5
38093,STUTSMAN,2009,45.5
38103,WELLS,2009,52.5
38003,BARNES,2009,53.5
38017,CASS,2009,54.5
38039,GRIGGS,2009,47
38091,STEELE,2009,54
38097,TRAILL,2009,60
38005,BENSON,2009,46
38009,BOTTINEAU,2009,44
38049,MCHENRY,2009,41
38069,PIERCE,2009,48
38079,ROLETTE,2009,48.5
38019,CAVALIER,2009,46.5
38035,GRAND FORKS,2009,55.5
38063,NELSON,2009,46.5
38067,PEMBINA,2009,51.5
38071,RAMSEY,2009,48
38095,TOWNER,2009,49
38099,WALSH,2009,51.5
38013,BURKE,2009,41.5
38023,DIVIDE,2009,32.5
38061,MOUNTRAIL,2009,40.5
38075,RENVILLE,2009,50
38101,WARD,2009,45
38105,WILLIAMS,2009,33.5
38029,EMMONS,2009,39.5
38037,GRANT,2009,35.5
38059,MORTON,2009,45.5
38021,DICKEY,2009,53
38045,LA MOURE,2009,54.5
38047,LOGAN,2009,35.5
38051,MCINTOSH,2009,41.5
38073,RANSOM,2009,60
38077,RICHLAND,2009,45.5
38081,SARGENT,2009,59.5
38001,ADAMS,2009,33
38011,BOWMAN,2009,34.5
38041,HETTINGER,2009,50.5
38087,SLOPE,2009,47
38089,STARK,2009,48.5
38025,DUNN,2009,41.5
38053,MCKENZIE,2009,35.5
38055,MCLEAN,2009,45.5
38057,MERCER,2009,45.5
38065,OLIVER,2009,51
38027,EDDY,2008,49.5
38031,FOSTER,2008,51.5
38043,KIDDER,2008,39.5
38083,SHERIDAN,2008,34
38093,STUTSMAN,2008,47.5
38103,WELLS,2008,47.5
38003,BARNES,2008,59
38017,CASS,2008,61.5
38039,GRIGGS,2008,55.5
38091,STEELE,2008,53
38097,TRAILL,2008,60
38005,BENSON,2008,40.5
38009,BOTTINEAU,2008,36
38049,MCHENRY,2008,34
38069,PIERCE,2008,36
38079,ROLETTE,2008,42
38019,CAVALIER,2008,49.5
38035,GRAND FORKS,2008,56
38063,NELSON,2008,46.5
38067,PEMBINA,2008,57.5
38071,RAMSEY,2008,44.5
38095,TOWNER,2008,46
38099,WALSH,2008,54
38013,BURKE,2008,33
38023,DIVIDE,2008,26
38061,MOUNTRAIL,2008,24.5
38075,RENVILLE,2008,42.5
38101,WARD,2008,41
38105,WILLIAMS,2008,18.5
38015,BURLEIGH,2008,33.5
38029,EMMONS,2008,31
38037,GRANT,2008,22.5
38059,MORTON,2008,16.5
38085,SIOUX,2008,26
38021,DICKEY,2008,52.5
38045,LA MOURE,2008,62
38047,LOGAN,2008,33
38051,MCINTOSH,2008,35
38073,RANSOM,2008,66
38077,RICHLAND,2008,58
38081,SARGENT,2008,66.5
38001,ADAMS,2008,17
38007,BILLINGS,2008,10
38011,BOWMAN,2008,17
38033,GOLDEN VALLEY,2008,21.5
38041,HETTINGER,2008,18
38087,SLOPE,2008,10
38089,STARK,2008,9
38025,DUNN,2008,7.5
38053,MCKENZIE,2008,10
38055,MCLEAN,2008,24.5
38057,MERCER,2008,21.5
38065,OLIVER,2008,16.5
38027,EDDY,2007,37.7
38031,FOSTER,2007,44.8
38043,KIDDER,2007,31.9
38083,SHERIDAN,2007,31.9
38093,STUTSMAN,2007,35.8
38103,WELLS,2007,42
38003,BARNES,2007,41.3
38017,CASS,2007,35.5
38039,GRIGGS,2007,44.9
38091,STEELE,2007,45.4
38097,TRAILL,2007,47.3
38005,BENSON,2007,37.5
38009,BOTTINEAU,2007,40.4
38049,MCHENRY,2007,31.5
38069,PIERCE,2007,34.3
38079,ROLETTE,2007,38.2
38019,CAVALIER,2007,42.3
38035,GRAND FORKS,2007,49.1
38063,NELSON,2007,41
38067,PEMBINA,2007,49.1
38071,RAMSEY,2007,37.7
38095,TOWNER,2007,39.4
38099,WALSH,2007,46.3
38013,BURKE,2007,29.9
38023,DIVIDE,2007,30.6
38061,MOUNTRAIL,2007,29.2
38075,RENVILLE,2007,39.7
38101,WARD,2007,35.9
38105,WILLIAMS,2007,21.8
38015,BURLEIGH,2007,30.3
38029,EMMONS,2007,37.2
38037,GRANT,2007,25.3
38059,MORTON,2007,27.3
38085,SIOUX,2007,22.8
38021,DICKEY,2007,36.2
38045,LA MOURE,2007,32.7
38047,LOGAN,2007,32.2
38051,MCINTOSH,2007,31.9
38073,RANSOM,2007,40.5
38077,RICHLAND,2007,34.2
38081,SARGENT,2007,37.9
38001,ADAMS,2007,28.5
38007,BILLINGS,2007,24
38011,BOWMAN,2007,27.6
38033,GOLDEN VALLEY,2007,26.6
38041,HETTINGER,2007,33.3
38087,SLOPE,2007,26.4
38089,STARK,2007,29.7
38025,DUNN,2007,24.9
38053,MCKENZIE,2007,25.2
38055,MCLEAN,2007,34.6
38057,MERCER,2007,29.3
38065,OLIVER,2007,32.3
38027,EDDY,2006,37.2
38031,FOSTER,2006,44.3
38043,KIDDER,2006,15.4
38083,SHERIDAN,2006,25.6
38093,STUTSMAN,2006,37.9
38103,WELLS,2006,33.2
38003,BARNES,2006,43.2
38017,CASS,2006,48.8
38039,GRIGGS,2006,41.6
38091,STEELE,2006,46.8
38097,TRAILL,2006,46.9
38005,BENSON,2006,31.9
38009,BOTTINEAU,2006,33.8
38049,MCHENRY,2006,26.6
38069,PIERCE,2006,29.2
38079,ROLETTE,2006,36.9
38019,CAVALIER,2006,39.2
38035,GRAND FORKS,2006,45.5
38063,NELSON,2006,35.4
38067,PEMBINA,2006,41
38071,RAMSEY,2006,37.1
38095,TOWNER,2006,36.3
38099,WALSH,2006,35.6
38013,BURKE,2006,28.6
38023,DIVIDE,2006,26.8
38061,MOUNTRAIL,2006,25.8
38075,RENVILLE,2006,30.4
38101,WARD,2006,33.7
38105,WILLIAMS,2006,17.8
38015,BURLEIGH,2006,19.2
38029,EMMONS,2006,13.7
38037,GRANT,2006,8.1
38059,MORTON,2006,12
38085,SIOUX,2006,10.9
38021,DICKEY,2006,38.8
38045,LA MOURE,2006,41.7
38047,LOGAN,2006,14.3
38051,MCINTOSH,2006,18.6
38073,RANSOM,2006,47.3
38077,RICHLAND,2006,47.5
38081,SARGENT,2006,42.6
38001,ADAMS,2006,14.2
38007,BILLINGS,2006,20
38011,BOWMAN,2006,21.9
38033,GOLDEN VALLEY,2006,26
38041,HETTINGER,2006,19.4
38087,SLOPE,2006,22.6
38089,STARK,2006,20.9
38025,DUNN,2006,20.8
38053,MCKENZIE,2006,25.9
38055,MCLEAN,2006,29.1
38057,MERCER,2006,21.6
38065,OLIVER,2006,20.6
38027,EDDY,2005,41.9
38031,FOSTER,2005,40.1
38043,KIDDER,2005,36.7
38083,SHERIDAN,2005,34.2
38093,STUTSMAN,2005,37
38103,WELLS,2005,39.7
38003,BARNES,2005,38.1
38017,CASS,2005,41.8
38039,GRIGGS,2005,37
38091,STEELE,2005,35.4
38097,TRAILL,2005,38.2
38005,BENSON,2005,31.4
38009,BOTTINEAU,2005,31.6
38049,MCHENRY,2005,33
38069,PIERCE,2005,33.4
38079,ROLETTE,2005,35.6
38019,CAVALIER,2005,30.3
38035,GRAND FORKS,2005,38.7
38063,NELSON,2005,34.6
38067,PEMBINA,2005,29.5
38071,RAMSEY,2005,31.7
38095,TOWNER,2005,31.6
38099,WALSH,2005,38.2
38013,BURKE,2005,34.3
38023,DIVIDE,2005,27.3
38061,MOUNTRAIL,2005,33.9
38075,RENVILLE,2005,37.2
38101,WARD,2005,39.5
38105,WILLIAMS,2005,28.2
38015,BURLEIGH,2005,34.1
38029,EMMONS,2005,32.2
38037,GRANT,2005,21.3
38059,MORTON,2005,25.5
38085,SIOUX,2005,18
38021,DICKEY,2005,31
38045,LA MOURE,2005,35.1
38047,LOGAN,2005,28.9
38051,MCINTOSH,2005,32.9
38073,RANSOM,2005,40.8
38077,RICHLAND,2005,33.2
38081,SARGENT,2005,36.6
38001,ADAMS,2005,22.8
38007,BILLINGS,2005,31.1
38011,BOWMAN,2005,27.6
38033,GOLDEN VALLEY,2005,32.4
38041,HETTINGER,2005,32.1
38087,SLOPE,2005,36.3
38089,STARK,2005,35.2
38025,DUNN,2005,34.2
38053,MCKENZIE,2005,27
38055,MCLEAN,2005,38.4
38057,MERCER,2005,31.5
38065,OLIVER,2005,33.3
38027,EDDY,2004,43.3
38031,FOSTER,2004,41.7
38043,KIDDER,2004,43.9
38083,SHERIDAN,2004,39.5
38093,STUTSMAN,2004,41.9
38103,WELLS,2004,46
38003,BARNES,2004,51.8
38017,CASS,2004,56.3
38039,GRIGGS,2004,48.7
38091,STEELE,2004,51.1
38097,TRAILL,2004,55.8
38005,BENSON,2004,42
38009,BOTTINEAU,2004,38.9
38049,MCHENRY,2004,37.6
38069,PIERCE,2004,41
38079,ROLETTE,2004,44.1
38019,CAVALIER,2004,45
38035,GRAND FORKS,2004,53.9
38063,NELSON,2004,44.2
38067,PEMBINA,2004,54.8
38071,RAMSEY,2004,42.5
38095,TOWNER,2004,42.4
38099,WALSH,2004,54.4
38013,BURKE,2004,32.9
38023,DIVIDE,2004,23.1
38061,MOUNTRAIL,2004,31.5
38075,RENVILLE,2004,39.6
38101,WARD,2004,42.4
38105,WILLIAMS,2004,28.8
38015,BURLEIGH,2004,39.8
38029,EMMONS,2004,36.6
38037,GRANT,2004,19.8
38059,MORTON,2004,25.5
38085,SIOUX,2004,15.9
38021,DICKEY,2004,52.7
38045,LA MOURE,2004,46.1
38047,LOGAN,2004,34.3
38051,MCINTOSH,2004,40.6
38073,RANSOM,2004,55.2
38077,RICHLAND,2004,57.8
38081,SARGENT,2004,56.2
38001,ADAMS,2004,20.5
38007,BILLINGS,2004,18.7
38011,BOWMAN,2004,23.7
38033,GOLDEN VALLEY,2004,19.7
38041,HETTINGER,2004,30.1
38087,SLOPE,2004,28.4
38089,STARK,2004,27.9
38025,DUNN,2004,21.4
38053,MCKENZIE,2004,24.4
38055,MCLEAN,2004,41.6
38057,MERCER,2004,30.3
38065,OLIVER,2004,37.6
38027,EDDY,2003,45
38031,FOSTER,2003,49.6
38043,KIDDER,2003,30.7
38083,SHERIDAN,2003,33.4
38093,STUTSMAN,2003,43.7
38103,WELLS,2003,44.1
38003,BARNES,2003,52.4
38017,CASS,2003,55.3
38039,GRIGGS,2003,47
38091,STEELE,2003,52.6
38097,TRAILL,2003,52.5
38005,BENSON,2003,42.1
38009,BOTTINEAU,2003,36.9
38049,MCHENRY,2003,30.7
38069,PIERCE,2003,39.6
38079,ROLETTE,2003,42
38019,CAVALIER,2003,46.8
38035,GRAND FORKS,2003,52.6
38063,NELSON,2003,43.5
38067,PEMBINA,2003,52
38071,RAMSEY,2003,36.7
38095,TOWNER,2003,42.8
38099,WALSH,2003,48
38013,BURKE,2003,24.8
38023,DIVIDE,2003,28.8
38061,MOUNTRAIL,2003,27.6
38075,RENVILLE,2003,33.2
38101,WARD,2003,32.1
38105,WILLIAMS,2003,26.7
38015,BURLEIGH,2003,34.9
38029,EMMONS,2003,34.9
38037,GRANT,2003,21.8
38059,MORTON,2003,18.9
38085,SIOUX,2003,21.7
38021,DICKEY,2003,47.3
38045,LA MOURE,2003,45.4
38047,LOGAN,2003,35.9
38051,MCINTOSH,2003,37.7
38073,RANSOM,2003,55.4
38077,RICHLAND,2003,57.1
38081,SARGENT,2003,50.3
38001,ADAMS,2003,23.8
38007,BILLINGS,2003,27.2
38011,BOWMAN,2003,24.7
38033,GOLDEN VALLEY,2003,29.1
38041,HETTINGER,2003,29.2
38087,SLOPE,2003,26.3
38089,STARK,2003,26.3
38025,DUNN,2003,27.5
38053,MCKENZIE,2003,23.5
38055,MCLEAN,2003,39.3
38057,MERCER,2003,29
38065,OLIVER,2003,31.7
38027,EDDY,2002,24.3
38031,FOSTER,2002,23.9
38043,KIDDER,2002,16.9
38083,SHERIDAN,2002,23.6
38093,STUTSMAN,2002,24.5
38103,WELLS,2002,24.1
38003,BARNES,2002,32.4
38017,CASS,2002,40.5
38039,GRIGGS,2002,27.8
38091,STEELE,2002,33.5
38097,TRAILL,2002,35.2
38005,BENSON,2002,23.2
38009,BOTTINEAU,2002,28.9
38049,MCHENRY,2002,24.1
38069,PIERCE,2002,25.6
38079,ROLETTE,2002,29.6
38019,CAVALIER,2002,34.8
38035,GRAND FORKS,2002,34.1
38063,NELSON,2002,31.1
38067,PEMBINA,2002,38.3
38071,RAMSEY,2002,28.8
38095,TOWNER,2002,28.9
38099,WALSH,2002,40.5
38013,BURKE,2002,27
38023,DIVIDE,2002,26.5
38061,MOUNTRAIL,2002,25.7
38075,RENVILLE,2002,27.3
38101,WARD,2002,27.9
38105,WILLIAMS,2002,27.5
38015,BURLEIGH,2002,18
38029,EMMONS,2002,8.5
38037,GRANT,2002,13.2
38059,MORTON,2002,16
38085,SIOUX,2002,7
38021,DICKEY,2002,26.9
38045,LA MOURE,2002,24.1
38047,LOGAN,2002,12.7
38051,MCINTOSH,2002,14
38073,RANSOM,2002,33.9
38077,RICHLAND,2002,37.9
38081,SARGENT,2002,35.7
38001,ADAMS,2002,12.6
38007,BILLINGS,2002,15.4
38011,BOWMAN,2002,13.6
38033,GOLDEN VALLEY,2002,20
38041,HETTINGER,2002,17.4
38087,SLOPE,2002,12.6
38089,STARK,2002,21.1
38025,DUNN,2002,24.9
38053,MCKENZIE,2002,28.7
38055,MCLEAN,2002,26.8
38057,MERCER,2002,24
38065,OLIVER,2002,21.9
38027,EDDY,2001,26.1
38031,FOSTER,2001,27.1
38043,KIDDER,2001,27
38083,SHERIDAN,2001,26.4
38093,STUTSMAN,2001,33.7
38103,WELLS,2001,25.3
38003,BARNES,2001,42.7
38017,CASS,2001,44.7
38039,GRIGGS,2001,37.7
38091,STEELE,2001,38.2
38097,TRAILL,2001,37.2
38005,BENSON,2001,23.6
38009,BOTTINEAU,2001,28.5
38049,MCHENRY,2001,25.3
38069,PIERCE,2001,28
38079,ROLETTE,2001,27.8
38019,CAVALIER,2001,29.2
38035,GRAND FORKS,2001,37
38063,NELSON,2001,30.8
38067,PEMBINA,2001,37.7
38071,RAMSEY,2001,26.4
38095,TOWNER,2001,24.3
38099,WALSH,2001,40
38013,BURKE,2001,21.5
38023,DIVIDE,2001,20.5
38061,MOUNTRAIL,2001,27.6
38075,RENVILLE,2001,23.7
38101,WARD,2001,30.8
38105,WILLIAMS,2001,26.1
38015,BURLEIGH,2001,33.1
38029,EMMONS,2001,35
38037,GRANT,2001,32.9
38059,MORTON,2001,29.8
38085,SIOUX,2001,28.6
38021,DICKEY,2001,48.7
38045,LA MOURE,2001,44.2
38047,LOGAN,2001,32.3
38051,MCINTOSH,2001,32.6
38073,RANSOM,2001,49.3
38077,RICHLAND,2001,47.7
38081,SARGENT,2001,49.4
38001,ADAMS,2001,31.5
38007,BILLINGS,2001,30
38011,BOWMAN,2001,30.9
38033,GOLDEN VALLEY,2001,30.9
38041,HETTINGER,2001,38.9
38087,SLOPE,2001,37.8
38089,STARK,2001,41.7
38025,DUNN,2001,36
38053,MCKENZIE,2001,29.2
38055,MCLEAN,2001,31.2
38057,MERCER,2001,30.9
38065,OLIVER,2001,34.9
38027,EDDY,2000,28.3
38031,FOSTER,2000,34
38043,KIDDER,2000,28
38083,SHERIDAN,2000,27
38093,STUTSMAN,2000,37.3
38103,WELLS,2000,30.2
38003,BARNES,2000,40.8
38017,CASS,2000,43.9
38039,GRIGGS,2000,35.4
38091,STEELE,2000,42.2
38097,TRAILL,2000,46.5
38005,BENSON,2000,32.4
38009,BOTTINEAU,2000,34.2
38049,MCHENRY,2000,26.7
38069,PIERCE,2000,28.8
38079,ROLETTE,2000,33.9
38019,CAVALIER,2000,42
38035,GRAND FORKS,2000,42
38063,NELSON,2000,29.5
38067,PEMBINA,2000,48
38071,RAMSEY,2000,33.3
38095,TOWNER,2000,35.1
38099,WALSH,2000,44.4
38013,BURKE,2000,27
38023,DIVIDE,2000,32.5
38061,MOUNTRAIL,2000,29.4
38075,RENVILLE,2000,31.1
38101,WARD,2000,34
38105,WILLIAMS,2000,32
38015,BURLEIGH,2000,28.5
38029,EMMONS,2000,30.4
38037,GRANT,2000,34.3
38059,MORTON,2000,37.1
38085,SIOUX,2000,27.5
38021,DICKEY,2000,44.7
38045,LA MOURE,2000,39.7
38047,LOGAN,2000,35.5
38051,MCINTOSH,2000,32.9
38073,RANSOM,2000,40.7
38077,RICHLAND,2000,47
38081,SARGENT,2000,40.9
38001,ADAMS,2000,30.9
38007,BILLINGS,2000,30.8
38011,BOWMAN,2000,28.5
38033,GOLDEN VALLEY,2000,25.4
38041,HETTINGER,2000,40.3
38087,SLOPE,2000,37.8
38089,STARK,2000,35
38025,DUNN,2000,29
38053,MCKENZIE,2000,27.5
38055,MCLEAN,2000,28.2
38057,MERCER,2000,28
38065,OLIVER,2000,28.5
38027,EDDY,1999,32.2
38031,FOSTER,1999,31.8
38043,KIDDER,1999,20
38083,SHERIDAN,1999,25.4
38093,STUTSMAN,1999,28.3
38103,WELLS,1999,30.2
38003,BARNES,1999,28.5
38017,CASS,1999,38.9
38039,GRIGGS,1999,31.8
38091,STEELE,1999,32.5
38097,TRAILL,1999,37.1
38005,BENSON,1999,29.1
38009,BOTTINEAU,1999,22.9
38049,MCHENRY,1999,22.8
38069,PIERCE,1999,26.3
38079,ROLETTE,1999,25.6
38019,CAVALIER,1999,39.8
38035,GRAND FORKS,1999,33.1
38063,NELSON,1999,31.7
38067,PEMBINA,1999,43.5
38071,RAMSEY,1999,29
38095,TOWNER,1999,34.2
38099,WALSH,1999,39.7
38013,BURKE,1999,26.3
38023,DIVIDE,1999,29.1
38061,MOUNTRAIL,1999,20
38075,RENVILLE,1999,27.9
38101,WARD,1999,22.5
38105,WILLIAMS,1999,29
38015,BURLEIGH,1999,20.5
38029,EMMONS,1999,24.4
38037,GRANT,1999,22.9
38059,MORTON,1999,21
38085,SIOUX,1999,17.5
38021,DICKEY,1999,31.1
38045,LA MOURE,1999,27.2
38047,LOGAN,1999,21.3
38051,MCINTOSH,1999,20
38073,RANSOM,1999,38.7
38077,RICHLAND,1999,40.6
38081,SARGENT,1999,40.4
38001,ADAMS,1999,20.4
38007,BILLINGS,1999,25.9
38011,BOWMAN,1999,23.3
38033,GOLDEN VALLEY,1999,22.4
38041,HETTINGER,1999,27.3
38087,SLOPE,1999,24.7
38089,STARK,1999,22.7
38025,DUNN,1999,23.4
38053,MCKENZIE,1999,28.8
38055,MCLEAN,1999,29.7
38057,MERCER,1999,24.4
38065,OLIVER,1999,25.8
38027,EDDY,1998,25.2
38031,FOSTER,1998,29
38043,KIDDER,1998,24.7
38083,SHERIDAN,1998,27.4
38093,STUTSMAN,1998,30.6
38103,WELLS,1998,27.9
38003,BARNES,1998,34.6
38017,CASS,1998,39
38039,GRIGGS,1998,32
38091,STEELE,1998,41.1
38097,TRAILL,1998,43.3
38005,BENSON,1998,28
38009,BOTTINEAU,1998,28
38049,MCHENRY,1998,26.8
38069,PIERCE,1998,28.3
38079,ROLETTE,1998,26.7
38019,CAVALIER,1998,34.8
38035,GRAND FORKS,1998,42.6
38063,NELSON,1998,33
38067,PEMBINA,1998,40.4
38071,RAMSEY,1998,27.9
38095,TOWNER,1998,25
38099,WALSH,1998,39.1
38013,BURKE,1998,24.7
38023,DIVIDE,1998,25.3
38061,MOUNTRAIL,1998,33.6
38075,RENVILLE,1998,27.9
38101,WARD,1998,28
38105,WILLIAMS,1998,28.1
38015,BURLEIGH,1998,23.8
38029,EMMONS,1998,28.9
38037,GRANT,1998,28.7
38059,MORTON,1998,29.8
38085,SIOUX,1998,22.3
38021,DICKEY,1998,34.8
38045,LA MOURE,1998,32.8
38047,LOGAN,1998,27.5
38051,MCINTOSH,1998,22.7
38073,RANSOM,1998,36.8
38077,RICHLAND,1998,37
38081,SARGENT,1998,34.4
38001,ADAMS,1998,24.4
38007,BILLINGS,1998,25.3
38011,BOWMAN,1998,27.8
38033,GOLDEN VALLEY,1998,31.5
38041,HETTINGER,1998,34.9
38087,SLOPE,1998,31.6
38089,STARK,1998,28
38025,DUNN,1998,26.7
38053,MCKENZIE,1998,31.7
38055,MCLEAN,1998,31.2
38057,MERCER,1998,29.2
38065,OLIVER,1998,27.9
38027,EDDY,1997,20.8
38031,FOSTER,1997,22.9
38043,KIDDER,1997,18.5
38083,SHERIDAN,1997,22.6
38093,STUTSMAN,1997,22.6
38103,WELLS,1997,24.6
38003,BARNES,1997,25.7
38017,CASS,1997,32
38039,GRIGGS,1997,22.5
38091,STEELE,1997,25.5
38097,TRAILL,1997,29
38005,BENSON,1997,22.2
38009,BOTTINEAU,1997,23.3
38049,MCHENRY,1997,23.7
38069,PIERCE,1997,23.5
38079,ROLETTE,1997,23.4
38019,CAVALIER,1997,25.1
38035,GRAND FORKS,1997,31.4
38063,NELSON,1997,22.3
38067,PEMBINA,1997,30.3
38071,RAMSEY,1997,22.2
38095,TOWNER,1997,22.9
38099,WALSH,1997,30
38013,BURKE,1997,22.2
38023,DIVIDE,1997,24.5
38061,MOUNTRAIL,1997,21.4
38075,RENVILLE,1997,23.3
38101,WARD,1997,21.5
38105,WILLIAMS,1997,22.5
38015,BURLEIGH,1997,18.7
38029,EMMONS,1997,20.7
38037,GRANT,1997,20.7
38059,MORTON,1997,20.7
38085,SIOUX,1997,19.1
38021,DICKEY,1997,27.5
38045,LA MOURE,1997,25.9
38047,LOGAN,1997,18
38051,MCINTOSH,1997,19
38073,RANSOM,1997,27.7
38077,RICHLAND,1997,34.9
38081,SARGENT,1997,29.3
38001,ADAMS,1997,25.1
38007,BILLINGS,1997,24.3
38011,BOWMAN,1997,24.8
38033,GOLDEN VALLEY,1997,24.1
38041,HETTINGER,1997,27.9
38087,SLOPE,1997,27.8
38089,STARK,1997,24.5
38025,DUNN,1997,21.3
38053,MCKENZIE,1997,21.7
38055,MCLEAN,1997,25.7
38057,MERCER,1997,24.6
38065,OLIVER,1997,24.9
38027,EDDY,1996,25.2
38031,FOSTER,1996,31.6
38043,KIDDER,1996,24.7
38083,SHERIDAN,1996,27.5
38093,STUTSMAN,1996,33.7
38103,WELLS,1996,32.6
38003,BARNES,1996,36.3
38017,CASS,1996,44.5
38039,GRIGGS,1996,32.5
38091,STEELE,1996,36.7
38097,TRAILL,1996,42.2
38005,BENSON,1996,28.5
38009,BOTTINEAU,1996,31.8
38049,MCHENRY,1996,28.7
38069,PIERCE,1996,26.7
38079,ROLETTE,1996,28.9
38019,CAVALIER,1996,34.2
38035,GRAND FORKS,1996,40.4
38063,NELSON,1996,29.9
38067,PEMBINA,1996,39.5
38071,RAMSEY,1996,29.2
38095,TOWNER,1996,27
38099,WALSH,1996,37.7
38013,BURKE,1996,31.2
38023,DIVIDE,1996,29.5
38061,MOUNTRAIL,1996,32
38075,RENVILLE,1996,30.9
38101,WARD,1996,32.3
38105,WILLIAMS,1996,26.7
38015,BURLEIGH,1996,27.2
38029,EMMONS,1996,27.8
38037,GRANT,1996,21.5
38059,MORTON,1996,29.6
38085,SIOUX,1996,24
38021,DICKEY,1996,41
38045,LA MOURE,1996,39
38047,LOGAN,1996,28.2
38051,MCINTOSH,1996,26.4
38073,RANSOM,1996,40.1
38077,RICHLAND,1996,45.5
38081,SARGENT,1996,43.7
38001,ADAMS,1996,27.4
38007,BILLINGS,1996,26.9
38011,BOWMAN,1996,28.6
38033,GOLDEN VALLEY,1996,25.7
38041,HETTINGER,1996,31.3
38087,SLOPE,1996,29.5
38089,STARK,1996,28.8
38025,DUNN,1996,26.1
38053,MCKENZIE,1996,30.2
38055,MCLEAN,1996,31.4
38057,MERCER,1996,31.3
38065,OLIVER,1996,29.7
38027,EDDY,1995,22.2
38031,FOSTER,1995,24.7
38043,KIDDER,1995,20.4
38083,SHERIDAN,1995,25.1
38093,STUTSMAN,1995,28.1
38103,WELLS,1995,26.2
38003,BARNES,1995,27.6
38017,CASS,1995,31.9
38039,GRIGGS,1995,24.3
38091,STEELE,1995,25.6
38097,TRAILL,1995,31
38005,BENSON,1995,24.7
38009,BOTTINEAU,1995,28.1
38049,MCHENRY,1995,25.5
38069,PIERCE,1995,24.4
38079,ROLETTE,1995,24.5
38019,CAVALIER,1995,25.7
38035,GRAND FORKS,1995,32.2
38063,NELSON,1995,22.2
38067,PEMBINA,1995,30.9
38071,RAMSEY,1995,22.4
38095,TOWNER,1995,24.6
38099,WALSH,1995,32
38013,BURKE,1995,28.7
38023,DIVIDE,1995,29.6
38061,MOUNTRAIL,1995,30.1
38075,RENVILLE,1995,27
38101,WARD,1995,26.6
38105,WILLIAMS,1995,23.8
38015,BURLEIGH,1995,23.1
38029,EMMONS,1995,21.7
38037,GRANT,1995,21.2
38059,MORTON,1995,23.9
38085,SIOUX,1995,17.8
38021,DICKEY,1995,32.5
38045,LA MOURE,1995,30.8
38047,LOGAN,1995,23.6
38051,MCINTOSH,1995,19.3
38073,RANSOM,1995,32.1
38077,RICHLAND,1995,34.7
38081,SARGENT,1995,30.8
38001,ADAMS,1995,25.3
38007,BILLINGS,1995,23.7
38011,BOWMAN,1995,24.7
38033,GOLDEN VALLEY,1995,21.8
38041,HETTINGER,1995,27.6
38087,SLOPE,1995,26.6
38089,STARK,1995,28.8
38025,DUNN,1995,27.3
38053,MCKENZIE,1995,27.2
38055,MCLEAN,1995,26.4
38057,MERCER,1995,25.5
38065,OLIVER,1995,25.2
38027,EDDY,1994,33.5
38031,FOSTER,1994,32.1
38043,KIDDER,1994,27.7
38083,SHERIDAN,1994,30.9
38093,STUTSMAN,1994,29.3
38103,WELLS,1994,34.6
38003,BARNES,1994,31.6
38017,CASS,1994,36.1
38039,GRIGGS,1994,29
38091,STEELE,1994,28.6
38097,TRAILL,1994,28.5
38005,BENSON,1994,33.8
38009,BOTTINEAU,1994,36
38049,MCHENRY,1994,32
38069,PIERCE,1994,33.6
38079,ROLETTE,1994,32.9
38019,CAVALIER,1994,25.8
38035,GRAND FORKS,1994,34
38063,NELSON,1994,26
38067,PEMBINA,1994,26.3
38071,RAMSEY,1994,28.7
38095,TOWNER,1994,30.4
38099,WALSH,1994,32.3
38013,BURKE,1994,32.8
38023,DIVIDE,1994,34.1
38061,MOUNTRAIL,1994,36.2
38075,RENVILLE,1994,36
38101,WARD,1994,36.4
38105,WILLIAMS,1994,32.8
38015,BURLEIGH,1994,30
38029,EMMONS,1994,28.5
38037,GRANT,1994,26.8
38059,MORTON,1994,28.4
38085,SIOUX,1994,21.9
38021,DICKEY,1994,30.7
38045,LA MOURE,1994,32.2
38047,LOGAN,1994,27.6
38051,MCINTOSH,1994,21.9
38073,RANSOM,1994,32.4
38077,RICHLAND,1994,38.4
38081,SARGENT,1994,34.7
38001,ADAMS,1994,26.8
38007,BILLINGS,1994,28.3
38011,BOWMAN,1994,31.4
38033,GOLDEN VALLEY,1994,28.3
38041,HETTINGER,1994,36.3
38087,SLOPE,1994,33.8
38089,STARK,1994,29.4
38025,DUNN,1994,30.4
38053,MCKENZIE,1994,36.4
38055,MCLEAN,1994,35.1
38057,MERCER,1994,31.8
38065,OLIVER,1994,32.5
38027,EDDY,1993,30.8
38031,FOSTER,1993,30.6
38043,KIDDER,1993,25.1
38083,SHERIDAN,1993,31.1
38093,STUTSMAN,1993,30.9
38103,WELLS,1993,33.9
38003,BARNES,1993,29
38017,CASS,1993,32.3
38039,GRIGGS,1993,22.4
38091,STEELE,1993,26.8
38097,TRAILL,1993,32.3
38005,BENSON,1993,32.6
38009,BOTTINEAU,1993,36.6
38049,MCHENRY,1993,33.1
38069,PIERCE,1993,32.4
38079,ROLETTE,1993,27
38019,CAVALIER,1993,18.3
38035,GRAND FORKS,1993,33
38063,NELSON,1993,23.6
38067,PEMBINA,1993,26.6
38071,RAMSEY,1993,24.5
38095,TOWNER,1993,24.5
38099,WALSH,1993,32.4
38013,BURKE,1993,38.4
38023,DIVIDE,1993,39.9
38061,MOUNTRAIL,1993,38.9
38075,RENVILLE,1993,38.5
38101,WARD,1993,35.6
38105,WILLIAMS,1993,37.3
38015,BURLEIGH,1993,29.6
38029,EMMONS,1993,28.6
38037,GRANT,1993,25.7
38059,MORTON,1993,28
38085,SIOUX,1993,28.7
38021,DICKEY,1993,31.2
38045,LA MOURE,1993,30.1
38047,LOGAN,1993,29.1
38051,MCINTOSH,1993,21.3
38073,RANSOM,1993,33.2
38077,RICHLAND,1993,32.9
38081,SARGENT,1993,28
38001,ADAMS,1993,30.1
38007,BILLINGS,1993,33.1
38011,BOWMAN,1993,37.2
38033,GOLDEN VALLEY,1993,33.9
38041,HETTINGER,1993,33.4
38087,SLOPE,1993,34.7
38089,STARK,1993,31.7
38025,DUNN,1993,33.2
38053,MCKENZIE,1993,36.6
38055,MCLEAN,1993,34.7
38057,MERCER,1993,29.7
38065,OLIVER,1993,33.4
38027,EDDY,1992,33.7
38031,FOSTER,1992,38.4
38043,KIDDER,1992,35.5
38083,SHERIDAN,1992,27.9
38093,STUTSMAN,1992,41.2
38103,WELLS,1992,38.3
38003,BARNES,1992,48.7
38017,CASS,1992,49.4
38039,GRIGGS,1992,44.5
38091,STEELE,1992,45.1
38097,TRAILL,1992,50.2
38005,BENSON,1992,38.1
38009,BOTTINEAU,1992,37.9
38049,MCHENRY,1992,32
38069,PIERCE,1992,29
38079,ROLETTE,1992,39.5
38019,CAVALIER,1992,49.3
38035,GRAND FORKS,1992,54.7
38063,NELSON,1992,45.5
38067,PEMBINA,1992,53.2
38071,RAMSEY,1992,45.8
38095,TOWNER,1992,43.8
38099,WALSH,1992,57.1
38013,BURKE,1992,41.4
38023,DIVIDE,1992,40.4
38061,MOUNTRAIL,1992,38.9
38075,RENVILLE,1992,42.5
38101,WARD,1992,38.2
38105,WILLIAMS,1992,37
38015,BURLEIGH,1992,31
38029,EMMONS,1992,32.5
38037,GRANT,1992,32.6
38059,MORTON,1992,35.6
38085,SIOUX,1992,28.2
38021,DICKEY,1992,44.7
38045,LA MOURE,1992,48.5
38047,LOGAN,1992,39.8
38051,MCINTOSH,1992,36.4
38073,RANSOM,1992,48.4
38077,RICHLAND,1992,53
38081,SARGENT,1992,48.3
38001,ADAMS,1992,34.4
38007,BILLINGS,1992,28
38011,BOWMAN,1992,29.9
38033,GOLDEN VALLEY,1992,37.8
38041,HETTINGER,1992,38.6
38087,SLOPE,1992,32.6
38089,STARK,1992,31.9
38025,DUNN,1992,30.5
38053,MCKENZIE,1992,40.9
38055,MCLEAN,1992,35.7
38057,MERCER,1992,35.1
38065,OLIVER,1992,39.6
38027,EDDY,1991,27.5
38031,FOSTER,1991,33.5
38043,KIDDER,1991,24
38083,SHERIDAN,1991,23
38093,STUTSMAN,1991,33.2
38103,WELLS,1991,31
38003,BARNES,1991,35.5
38017,CASS,1991,40.5
38039,GRIGGS,1991,37.5
38091,STEELE,1991,37.5
38097,TRAILL,1991,42
38005,BENSON,1991,30.5
38009,BOTTINEAU,1991,29.5
38049,MCHENRY,1991,25
38069,PIERCE,1991,27
38079,ROLETTE,1991,33
38019,CAVALIER,1991,39
38035,GRAND FORKS,1991,39.5
38063,NELSON,1991,35
38067,PEMBINA,1991,34.5
38071,RAMSEY,1991,33.5
38095,TOWNER,1991,34.5
38099,WALSH,1991,37
38013,BURKE,1991,29.5
38023,DIVIDE,1991,30
38061,MOUNTRAIL,1991,31
38075,RENVILLE,1991,31.5
38101,WARD,1991,29.1
38105,WILLIAMS,1991,24.5
38015,BURLEIGH,1991,22.5
38029,EMMONS,1991,21
38037,GRANT,1991,24
38059,MORTON,1991,22
38085,SIOUX,1991,16.5
38021,DICKEY,1991,31
38045,LA MOURE,1991,32.3
38047,LOGAN,1991,26.5
38051,MCINTOSH,1991,26.5
38073,RANSOM,1991,33
38077,RICHLAND,1991,33
38081,SARGENT,1991,33.5
38001,ADAMS,1991,17.5
38007,BILLINGS,1991,22.5
38011,BOWMAN,1991,25.5
38033,GOLDEN VALLEY,1991,30
38041,HETTINGER,1991,26.3
38087,SLOPE,1991,27.5
38089,STARK,1991,24
38025,DUNN,1991,23
38053,MCKENZIE,1991,26
38055,MCLEAN,1991,27.5
38057,MERCER,1991,24
38065,OLIVER,1991,20
38027,EDDY,1990,41.5
38031,FOSTER,1990,47.5
38043,KIDDER,1990,30.5
38083,SHERIDAN,1990,31
38093,STUTSMAN,1990,42.2
38103,WELLS,1990,41.5
38003,BARNES,1990,46.5
38017,CASS,1990,51
38039,GRIGGS,1990,47
38091,STEELE,1990,50
38097,TRAILL,1990,50
38005,BENSON,1990,38.5
38009,BOTTINEAU,1990,38
38049,MCHENRY,1990,31.1
38069,PIERCE,1990,32.5
38079,ROLETTE,1990,30
38019,CAVALIER,1990,36.5
38035,GRAND FORKS,1990,49.5
38063,NELSON,1990,45
38067,PEMBINA,1990,46
38071,RAMSEY,1990,35.5
38095,TOWNER,1990,32.5
38099,WALSH,1990,37.5
38013,BURKE,1990,33
38023,DIVIDE,1990,23
38061,MOUNTRAIL,1990,31
38075,RENVILLE,1990,36
38101,WARD,1990,36
38105,WILLIAMS,1990,21.5
38015,BURLEIGH,1990,22.7
38029,EMMONS,1990,17.5
38037,GRANT,1990,14.5
38059,MORTON,1990,16
38085,SIOUX,1990,15
38021,DICKEY,1990,34
38045,LA MOURE,1990,39
38047,LOGAN,1990,26.5
38051,MCINTOSH,1990,20
38073,RANSOM,1990,42
38077,RICHLAND,1990,43.6
38081,SARGENT,1990,38
38001,ADAMS,1990,17
38007,BILLINGS,1990,21.5
38011,BOWMAN,1990,18
38033,GOLDEN VALLEY,1990,24.5
38041,HETTINGER,1990,23
38087,SLOPE,1990,19.5
38089,STARK,1990,19
38025,DUNN,1990,24
38053,MCKENZIE,1990,30
38055,MCLEAN,1990,30.2
38057,MERCER,1990,27
38065,OLIVER,1990,15.5
38027,EDDY,1989,16.5
38031,FOSTER,1989,20.5
38043,KIDDER,1989,10.5
38083,SHERIDAN,1989,13.5
38093,STUTSMAN,1989,21.4
38103,WELLS,1989,15.5
38003,BARNES,1989,25
38017,CASS,1989,33.8
38039,GRIGGS,1989,22.5
38091,STEELE,1989,29
38097,TRAILL,1989,35
38005,BENSON,1989,17.5
38009,BOTTINEAU,1989,26
38049,MCHENRY,1989,17.7
38069,PIERCE,1989,13
38079,ROLETTE,1989,21
38019,CAVALIER,1989,32.5
38035,GRAND FORKS,1989,36
38063,NELSON,1989,21.5
38067,PEMBINA,1989,43.9
38071,RAMSEY,1989,25
38095,TOWNER,1989,26
38099,WALSH,1989,36
38013,BURKE,1989,15.5
38023,DIVIDE,1989,16
38061,MOUNTRAIL,1989,14.5
38075,RENVILLE,1989,22
38101,WARD,1989,20.6
38105,WILLIAMS,1989,14
38015,BURLEIGH,1989,9
38029,EMMONS,1989,9.3
38037,GRANT,1989,14
38059,MORTON,1989,15
38085,SIOUX,1989,14
38021,DICKEY,1989,22
38045,LA MOURE,1989,26
38047,LOGAN,1989,15.5
38051,MCINTOSH,1989,14
38073,RANSOM,1989,30.5
38077,RICHLAND,1989,36.6
38081,SARGENT,1989,33.7
38001,ADAMS,1989,19
38007,BILLINGS,1989,18
38011,BOWMAN,1989,21.5
38033,GOLDEN VALLEY,1989,25
38041,HETTINGER,1989,21
38087,SLOPE,1989,24.3
38089,STARK,1989,14.5
38025,DUNN,1989,18
38053,MCKENZIE,1989,20.5
38055,MCLEAN,1989,16.6
38057,MERCER,1989,23
38065,OLIVER,1989,15
